YEAR,1. Who is your neighborhood community organizer?,2. What type of garden do you have?,3. How long have you been growing with Home Gardens?,4. Did you garden this year?,"If you did NOT garden this year, please explain why.","5. Did you get enough seeds and starts for your garden? If no, please explain.",6. Has your fruit and vegetable consumption increased since gardening with Home Gardens?,7. Has growing a garden reduced the amount of times you visited a food pantry this season?,8. Below are some statements about feelings and thoughts. Check the box that best describes your experience since you started gardening with Home Gardens. [I've been feeling optimistic about the future],8. Below are some statements about feelings and thoughts. Check the box that best describes your experience since you started gardening with Home Gardens. [I've been feeling useful] / 8. A continuación se presentan algunas afirmaciones sobre sentimientos y pensamientos. Marque la opción que mejor describa su experiencia desde que ingreso al programa de Home Gardens. [Me he sentido útil],8. Below are some statements about feelings and thoughts. Check the box that best describes your experience since you started gardening with Home Gardens. [I've been feeling relaxed]/ 8. A continuación se presentan algunas afirmaciones sobre sentimientos y pensamientos. Marque la opción que mejor describa su experiencia desde que ingreso al programa de Home Gardens. [Me he sentido relajado/a],8. Below are some statements about feelings and thoughts. Check the box that best describes your experience since you started gardening with Home Gardens. [I've been dealing with problems well] / 8. A continuación se presentan algunas afirmaciones sobre sentimientos y pensamientos. Marque la opción que mejor describa su experiencia desde que ingreso al programa de Home Gardens. [He estado lidiando bien con los problemas],8. Below are some statements about feelings and thoughts. Check the box that best describes your experience since you started gardening with Home Gardens. [I've been thinking clearly] 8. A continuación se presentan algunas afirmaciones sobre sentimientos y pensamientos. Marque la opción que mejor describa su experiencia desde que ingreso al programa de Home Gardens. [He estado pensando claramente],8. Below are some statements about feelings and thoughts. Check the box that best describes your experience since you started gardening with Home Gardens. [I've been feeling close to other people] / 8. A continuación se presentan algunas afirmaciones sobre sentimientos y pensamientos. Marque la opción que mejor describa su experiencia desde que ingreso al programa de Home Gardens. [Me he sentido cerca de otras personas],8. Below are some statements about feelings and thoughts. Check the box that best describes your experience since you started gardening with Home Gardens. [I've been able to make up my own mind about things] / 8. A continuación se presentan algunas afirmaciones sobre sentimientos y pensamientos. Marque la opción que mejor describa su experiencia desde que ingreso al programa de Home Gardens. [He podido tomar mis propias decisiones],"9. Since joining the Home Gardens program, did you increase your knowledge/skill in... [Growing food?]","9. Since joining the Home Gardens program, did you increase your knowledge/skill in... [Cooking or preparing fresh produce?]","9. Since joining the Home Gardens program, did you increase your knowledge/skill in... [Using natural ingredients to make green cleaning products?]",10. Because of your garden did you? [Share produce from your garden with people outside your household? ],10. Because of your garden did you? [Meet any new neighbors?],10. Because of your garden did you? [Save money on groceries?],"10. Because of your garden did you? [Preserve (freeze, can, dry, pickle) any produce from your garden?]",16. Because of your garden did you....? [Experience any therapeutic (mental/emotional wellbeing) benefits from your garden?],11. Did having a garden increase your level of physical activity?,12. Please describe you and your family's experience in your garden this year.,13. Are there any workshops or skills training you would like to attend in the future?,"14. Did you receive the culturally relevant plants that you needed? If not, what items can we provide for you in the future? / 14. ¿Recibió las plantas culturalmente relevantes que necesitaba? Yes no, ¿qué artículos podrían proporcionarle?",15. How is your relationship with your community organizer? How could your community organizer better support you?,16. How often do you talk with your community organizer?,17. Is there anything else you would like us to know?,20. What were your favorite parts of gardening this year? ,6. Did you get plant starts from Plant Distribution Day?,"11. Did you participate in the CSA (Food Box) Program this year? 
",13. Do you have children in your home? (select all that apply),14. Did having a vegetable garden change your children's interest in eating fresh fruits and veggies?,"15. If you have school-aged children in your household, what school(s) are they enrolled in?",17. Did you attend a Growing Gardens virtual workshop or in-person class this season?,"If you did NOT attend a virtual workshop, let us know why (check all that apply):",21. What else would you like the see the Home Gardens program do in the future?,11. Did you receive a produce or food box from Growing Gardens at any time during the pandemic?,"9. In what ways has the garden been a benefit to you, your children or your community? (2018) "
2024,Isabel (Cully/Parkrose),In-Ground,This is my second year,Yes,,Yes was enough,Yes,Yes,Some of the time,Often,Often,Often,Often,Often,All of the time,Yes,Not sure,Not sure,Yes,Yes,Yes,No,,I was MORE physically active because of the garden,we love the season for planting flowers and vegetables,Whatever is learning,Yessss,with more land,3 times per season,,,,,,,,,,,,
2024,Angelica (Este de Portland/Gresham),In-Ground,This is my second year,Yes,,Yes,Not sure,Not sure,Often,Often,Often,Some of the time,Often,Often,Often,Yes,Yes,Yes,Not sure,Not sure,Yes,Not sure,,I was MORE physically active because of the garden,Being outside has helped me emotionally,I like to learn how to grow,"i would like guava plants, misperos",More workshops,4-5 per year,,,,,,,,,,,,
2024,Lindsay (North Clackamas),In-Ground,This is my first year,Yes,,Yes...,Yes,No,Often,Often,Some of the time,Often,Some of the time,Some of the time,All of the time,Yes,No,Yes,No,No,No,Yes,,I was LESS physically active because of the garden,"Although We Planted Several Things...We Did Not Have Luck in Getting Alot to Eat, Due to Some Moles and Gophers Got into Our Garden😡 and Not Enough Rain and To Dry...So We Got Very Little from Our Garden and My Hubs Did Water...",Not that I can think of right now...unless something was offered.... 🤔,Nothing Stands Out Right Now...,Nothing Comes to Mind...but Lindsay is Great... 😁,A Couple Times a Year...,No...,,,,,,,,,,,
2024,Amber (Cully/Parkrose),In-Ground,This is my third year,Yes,,"I’d like some over winter seeds, clover and garlic etc,",Yes,I do not visit food pantries anyway.,Often,Often,Often,Often,Often,Often,All of the time,Yes,Yes,No,Yes,No,Yes,Yes,,I was MORE physically active because of the garden,"We have loved this experience the last two years, we are more fresh cucumbers this year than any other. I love to watch my kids and friends pick at the sungold tomatoes as a snack while playing. We have grown many of our favorite hot peppers and we just love the gratification of home gardening.","I am open to workshops and skill development around gardening, but I don't have any in particular in mind.","Yes, I planted new medicinal plants I had never tried before",I’ve been very happy with the services provided,A few times per season,We love the program and would love to continue,,,,,,,,,,,
2024,Amber (Cully/Parkrose),Raised bed,This is my first year,Yes,,yes,Yes,I do not visit food pantries anyway.,Some of the time,Some of the time,Some of the time,Some of the time,Some of the time,Some of the time,Some of the time,Yes,Yes,Yes,Yes,No,Yes,No,,I was MORE physically active because of the garden,I learned a lot! Looking forward to next year.,I can't think of any.,n/a,I felt supported,About every other month,n/a,,,,,,,,,,,
2024,Shireen (North Portland),Raised bed,This is my first year,Yes,,Yes,Yes,Not sure,Often,Often,Often,Often,Often,Often,Often,Yes,Yes,Yes,Yes,Yes,Yes,No,,I was MORE physically active because of the garden,It was the best feeling. Being able to go in my backyard for fresh vegetables,I loved the vegan cooking events. I'm still waiting for the recipes.,Yes I did!,She answered my questions,As needed and she would check on me periodically as well regardint my gardening needs which i appreciated,No. I'm looking for to next year with getting my garden going again after winter,,,,,,,,,,,
2024,Carolina (Norte de Clackamas),In-Ground,This is my first year,No,I just got my box,Not yet because I just got my bed,Yes,Yes,Often,Often,Often,Often,Often,Often,Often,Not sure,Yes,Yes,Yes,Yes,Yes,Not sure,,I was MORE physically active because of the garden,Not yet because it is my first year,Yes I would like a workshop how to learn how to plant winter plants.,Not yet,I wait for my plants,Every 15 days,,,,,,,,,,,,
2024,Carolina (Norte de Clackamas),Raised bed,This is my second year,Yes,"Tomato ,chiles verdes",Yes everything excellent,Yes,Yes,Often,Often,Often,Often,Often,Often,Often,Yes,Yes,Yes,Yes,Yes,Yes,Yes,,I was MORE physically active because of the garden,"It was great, thank you very much to the growing garden group and to Mrs. Carolina who does an excellent job for me, she is like an angel, she helps me a lot and is an excellent human being.",I'm fine for the moment thank you very much,Yes all excellent,She gives me everything I need and she helps me a lot.,Every 15 dayso cuando necesito ayuda ella siempre está disponible para mi,,,,,,,,,,,,
2024,Angelica (Este de Portland/Gresham),Containers,This is my second year,Yes,,,Yes,Not sure,All of the time,All of the time,All of the time,Often,Often,Some of the time,Often,Yes,Yes,Yes,Yes,Yes,Yes,Not sure,,I was MORE physically active because of the garden,They liked the vegetables we harvested,Healthy cooking,Legunbres that can be harvested without much care and that grow in Oregon's climate.,She always helps me more than you can imagine and is an excellent organizer.,"Every one who has resources for us, thank you very much for your effort and dedication.",,,,,,,,,,,,
2024,Angelica (Este de Portland/Gresham),In-Ground,This is my third year,Yes,,Yes I had enough seeds.,Yes,Yes,All of the time,All of the time,All of the time,All of the time,All of the time,All of the time,All of the time,Yes,Yes,Yes,Yes,Yes,Yes,Yes,,I was MORE physically active because of the garden,My family gets excited every season as my grandchildren enjoy so much when the vegetables are coming up and we cut them to eat. Thank you so much for offering this program that brings families together and also shares in our community. Thank you so much for your support 🙏🏻 Blessings.,Kitchen.,Maybe more classes to improve the quality of each season. Thanks for asking.,I am very happy with the support they offer us and any questions or doubts we have they help us.,Every week,,,,,,,,,,,,
2024,Angelica (Este de Portland/Gresham),Raised bed,This is my second year,Yes,,"I would like to receive more seeds, and more than 4 plants, please.",Yes,Yes,Some of the time,Some of the time,Often,Some of the time,Some of the time,Often,Some of the time,Yes,Yes,Not sure,Not sure,Yes,Yes,No,,I was MORE physically active because of the garden,Watching them grow and waiting for the first offspring is wonderful.,"How to fertulize and how to attack pests, I would appreciate it, and also support us with these products.",More variety.,"I really like the classes regarding everything related to planting, I really like this, I need to learn more.",Every week,,,,,,,,,,,,
2024,Isabel (Cully/Parkrose),Containers,This is my first year,Yes,,Yes,Yes,I do not visit food pantries anyway.,All of the time,All of the time,All of the time,All of the time,All of the time,All of the time,All of the time,Yes,Yes,Yes,Not sure,No,Yes,Yes,,I was MORE physically active because of the garden,I HAVE ENJOYED MYSELF AND HAVE EATEN HEALTHIER.,HOW TO PREPARE OILS.,I RECEIVED THE IMPORTANT THING.,SHE HAS GIVEN ME GOOD SUPPORT.,Every week,,,,,,,,,,,,
2024,Carolina (Norte de Clackamas),In-Ground,This is my first year,Yes,,Yes,Yes,Yes,Often,Some of the time,Rara vez,Often,Rara vez,Rara vez,Often,Yes,No,No,Yes,No,Yes,No,,I was MORE physically active because of the garden,Very interesting to spend time with La Niña,Nose,Yes,I don't know,Every week,,,,,,,,,,,,
2024,Angelica (Este de Portland/Gresham),In-Ground,This is my second year,Yes,,Yes got enough,Yes,Yes,All of the time,Often,Often,Often,Often,Often,All of the time,Yes,Yes,Not sure,Yes,Yes,Yes,Yes,,I was MORE physically active because of the garden,Planting tomatoes and chili peppers etc. is optimistic for the overall body and keeps us busy.,Possibly,Yes,Yesempre notifies us of everything thank you very much.,Every week,,,,,,,,,,,,
2024,Carolina (Norte de Clackamas),In-Ground,This is my first year,Yes,,Yes,Yes,Yes,Some of the time,Often,Often,Some of the time,Some of the time,Some of the time,Some of the time,Yes,Yes,Yes,Yes,Yes,Yes,Yes,,I was MORE physically active because of the garden,More active,Yes,Yes,Very attentive and kind,Every week,,,,,,,,,,,,
2024,Angelica (Este de Portland/Gresham),In-Ground,This is my third year,Yes,,,Yes,Yes,Some of the time,Often,Some of the time,Some of the time,Some of the time,Some of the time,Often,Yes,Yes,Yes,Yes,Yes,Yes,Yes,,I was MORE physically active because of the garden,Living with my family,How to irrigate,Yes,Thank you for everything you do,Every week,,,,,,,,,,,,
2024,Carolina (Norte de Clackamas),In-Ground,This is my first year,Yes,,,Yes,Yes,Often,Often,Often,Often,Often,Often,Often,Yes,Yes,Yes,Yes,Yes,Yes,Yes,,I was MORE physically active because of the garden,"Thanks to the home gardens program, my family and I are harvesting a lot of vegetables and we are very happy for this opportunity to be part of the program.",How to preserve vegetables,Yes,"I am happy with the support that my coordinator is giving me, thank you very much.",Every week,,,,,,,,,,,,
2024,Carolina (Norte de Clackamas),In-Ground,This is my first year,Yes,,Yes,Yes,Yes,Some of the time,All of the time,All of the time,All of the time,All of the time,Often,Often,Yes,Yes,Yes,Yes,Yes,Yes,Yes,,I was MORE physically active because of the garden,Harvesting is very pleasant and eating fresh vegetables is even better,Yes How to make fertilizer,Yes,I am very satisfied with all the Apollo has given us.,Every week,,,,,,,,,,,,
2024,Angelica (Este de Portland/Gresham),In-Ground,This is my second year,Yes,,Yes thanks was enough,Yes,Yes,Often,All of the time,Some of the time,Often,Often,All of the time,All of the time,Yes,Yes,Yes,Yes,Yes,Yes,Yes,,I was MORE physically active because of the garden,Thanks to my garden we ate a lot of vegetables and apricots of different plants.,Yes,Yes,Enough Apollo thank you,Every week,,,,,,,,,,,,
2024,Angelica (Este de Portland/Gresham),Raised bed,This is my second year,Yes,,Yes,Yes,Yes,All of the time,All of the time,All of the time,All of the time,All of the time,All of the time,All of the time,Yes,Yes,Yes,Yes,Yes,Yes,Yes,,I was MORE physically active because of the garden,Very pleased and happy,Energy Saving,Yes,I am happy with how everything is now,Every week,,,,,,,,,,,,
2024,Carolina (Norte de Clackamas),In-Ground,This is my first year,Yes,,Yes,Yes,Yes,Some of the time,Some of the time,Some of the time,Some of the time,Some of the time,Some of the time,Some of the time,Yes,Yes,Yes,Yes,Yes,Yes,Yes,,I was MORE physically active because of the garden,"Happy to harvest my own fresh vegetables, it gives me a thrill to see how the plants bear fruit.",How to prepare fertilizer,Yes,In my opinion she Brienda the best service,Every week,,,,,,,,,,,,
2024,Carolina (Norte de Clackamas),In-Ground,This is my first year,Yes,,Yes had enough seeds and plants,Yes,Yes,All of the time,Often,Often,All of the time,Often,Often,Often,Yes,Yes,Yes,Yes,No,Yes,Yes,,I was MORE physically active because of the garden,"This year we had a great harvest of tomatillos and chili peppers, we had an excellent harvest.",How to prepare organic hygiene products,Yes I received the plants I needed,For me the support provided by my community organizer is excellent.,Every week,,,,,,,,,,,,
2024,Carolina (Norte de Clackamas),Containers,This is my third year,Yes,,Yes,Yes,Yes,Often,Often,Often,Often,Often,Often,Often,Not sure,Not sure,Not sure,Yes,Yes,Yes,Yes,,I was MORE physically active because of the garden,Better than other years thanks to Mrs. Carolina who is always looking out for us to have seeds and plants.,No,Yes I received everything I wanted,I am doing well for the moment,Every week,,,,,,,,,,,,
2024,Angelica (Este de Portland/Gresham),In-Ground,This is my third year,Yes,,Yes,Yes,Yes,None of the time,None of the time,Rara vez,Some of the time,All of the time,All of the time,All of the time,Yes,Yes,Yes,Yes,No,Yes,No,,I was MORE physically active because of the garden,They help us a lot with eating healthier and it's nice to point it out to my daughter.,How to take care of the environment,Yes,Giving more information what are the months that one has to put vegetables,Every time there are events,,,,,,,,,,,,
2024,Amber (Cully/Parkrose),In-Ground,This is my first year,Yes,,Yes,Yes,Yes,Often,Often,Some of the time,Often,Often,Often,Often,Yes,Yes,Not sure,No,Yes,Yes,No,,I was MORE physically active because of the garden,estamos feliz por que mis hijos me aludan y nos divertimos,no,yes,with plants,every time there are bejeweled and other events,,,,,,,,,,,,
2024,Carolina (Norte de Clackamas),Containers,This is my third year,Yes,,Yes a lot,Yes,Yes,Often,Often,Often,Often,Often,Often,Often,Yes,Yes,Yes,Yes,Yes,Yes,Yes,,I was MORE physically active because of the garden,More healthy and organic,Probably,I am very well thank you,She is very good at what she does,Most of the time,,,,,,,,,,,,
2024,Cat (Southeast Portland),Containers,This is my second year,Yes,,I did in spring.,Not sure,I do not visit food pantries anyway.,Rarely,Some of the time,Rarely,Some of the time,Some of the time,Some of the time,Some of the time,Not sure,Not sure,Not sure,Yes,No,No,No,,I was LESS physically active because of the garden,This year we had starts rather then seeds. We had a great time watching things grow.,Not sure,I loved what I received. I really wanted strawberries.,She was awesome,Communicated by email,I never got the tools to help with my garden.,,,,,,,,,,,
2024,Lindsay (North Clackamas),Containers,This is my second year,Yes,,Yes,Not sure,I do not visit food pantries anyway.,Some of the time,Some of the time,Some of the time,Some of the time,Some of the time,Some of the time,Some of the time,Yes,Not sure,No,Yes,Not sure,Yes,No,,I was MORE physically active because of the garden,Wish I had a sunnier location,No,Yes,Not sure,Couple times per season,Not that I can think of,,,,,,,,,,,
2024,Carolina (Norte de Clackamas),In-Ground,This is my second year,Yes,,Yes,Yes,I do not visit food pantries anyway.,All of the time,All of the time,All of the time,Often,Often,All of the time,All of the time,Yes,Yes,Yes,Yes,Yes,Not sure,No,,I was MORE physically active because of the garden,"In addition to my physical work, I enjoy being outside, my family likes that I enjoy it.","I'm fine for now, thank you.","Yes, Carolina is an exceptional person, she is always on the lookout.","No words, Carolina is very organized and always sends me invitations to workshops.",It depends on the information you have to give me.,,,,,,,,,,,,
2024,Ceci (Condado de Washington),In-Ground,This is my first year,Yes,,Yes I got enough,Yes,Yes,All of the time,All of the time,All of the time,All of the time,All of the time,All of the time,All of the time,Yes,Yes,Yes,No,Yes,Yes,No,,I was MORE physically active because of the garden,We enjoyed it very much and my children loved the experience of planting and harvesting.,I am interested in learning as much as possible,Yes,More flexibility in scheduling,When it is necessary,,,,,,,,,,,,
2024,Amber (Cully/Parkrose),In-Ground,This is my first year,Yes,,Yes,Not sure,Not sure,All of the time,Often,Often,Often,Often,Some of the time,Often,Yes,No,No,No,No,No,No,,I was LESS physically active because of the gardent sure,"Well, I'm very new. I've met Amber just this last month and got my garden bed put in October. She gave me some starts and seeds. The seeds are starting to sprout now and the starts seem to be doing well. It's only been a month into the program for me.",Anything with soil building information,"I'd like to get some asparagus in the future. Next year I know I want summer squash and dill, the 2 things that didn't grow for me this year in my garden.",I'd like information on what was the blend of soil additives they added when they put in the garden bed. I'm interested to build myself more and better garden beds around my house.,"I've only just met them, so 2 times in the time I've met them.",I'm looking forward to more gardening soon. I'm grateful for the help.,,,,,,,,,,,
2024,Lindsay (North Clackamas),Raised bed,This is my second year,Yes,,yes,Yes,Not sure,Some of the time,Some of the time,Some of the time,Some of the time,Some of the time,Rarely,Often,Yes,No,Yes,Yes,Yes,Yes,Yes,,I was LESS physically active because of the gardent sure,My boyfriend has helped me a bit in gardening,how to set up watering drip system,yes,"The program has been great!, no complaints",just at worksite,$5 cash,,,,,,,,,,,
2024,Isabel (Cully/Parkrose),Community Garden,This is my second year,Yes,,Yes,Yes,Yes,Often,Often,Often,Often,Often,Often,Often,Yes,Yes,Yes,Yes,Yes,Yes,Yes,,I was MORE physically active because of the garden,We work together and live together more,Workshop to prepare creams,Yes,Giving us more workshops,"Very often, especially when there is new information",,,,,,,,,,,,
2024,Carolina (Norte de Clackamas),In-Ground,This is my second year,Yes,,Yes,Yes,Yes,Often,Often,Often,Often,Often,Often,Often,Yes,Yes,Yes,No,Yes,Yes,Yes,,I was LESS physically active because of the gardent sure,We have been paying more attention to our garden and our vegetables and taking advantage of the land to grow food. I have learned several things I didn't know and I like to harvest my own vegetables.,How to learn to cook healthier,Yes,"Perhaps sharing information on places to learn more about gardening online, Perhaps sending information to learn more online, as it is sometimes difficult to attend in person.",Not very sure,,,,,,,,,,,,
2024,Angelica (Este de Portland/Gresham),In-Ground,This is my second year,Yes,Yes,Yes,Yes,Yes,Often,None of the time,Often,Often,Often,Some of the time,Often,Yes,Yes,Not sure,Yes,No,Yes,No,,I was MORE physically active because of the garden,Very pleased,How to care for plants so they don't catch disease,Yes,With more gardening workshops,Not very often,,,,,,,,,,,,
2024,Isabel (Cully/Parkrose),In-Ground,This is my second year,Yes,,Yes,Yes,No,All of the time,All of the time,All of the time,All of the time,All of the time,All of the time,All of the time,Yes,Yes,Yes,Not sure,No,Yes,Yes,,I was MORE physically active because of the garden,My daughter was always excited to garden and visit our coordinator,Any for preserving,Arnica,She is amazing,Once per month,No,,,,,,,,,,,
2024,Lindsay (North Clackamas),Containers,This is my first year,Yes,,Yes,Yes,I do not visit food pantries anyway.,Often,Often,Some of the time,Often,Often,Some of the time,Often,Yes,Not sure,No,Yes,No,Yes,Yes,,I was LESS physically active because of the gardent sure,"My 3yo granddaughter really enjoyed watering the garden and eating the collards and strawberries, as well as, pickling and eating the cucumbers. I was very excited by the whole process of planting, checking to see the progress and the new buds and growth of the plants, and harvesting and eating. It felt really good.",Idk,Idk,"I think Lindsay did a great job supporting me. She checked in and when I requested some tomato cages, she delivered them the next week.",Once per month,No,,,,,,,,,,,
2024,Shireen (North Portland),Raised bed,This is my first year,Yes,,Yes,Yes,I went to food pantries and received emergency food boxes LESS often,Often,Often,Often,Often,Often,Some of the time,Often,Yes,Yes,Yes,Yes,Yes,Yes,Yes,,I was MORE physically active because of the garden,"Watering together, leaning about the different types of Greens, etc",more cooking classes,more collard greens,she's doing a great job,Once per month,no,,,,,,,,,,,
2024,Isabel (Cully/Parkrose),Containers,This is my second year,Yes,,Yes,Yes,I went to food pantries and received emergency food boxes LESS often,Rarely,Often,Rarely,Some of the time,Some of the time,Often,Often,Yes,Yes,Yes,Yes,Yes,Yes,Yes,,I was MORE physically active because of the garden,we love to have our children help in the garden and learn,canning.,more habaneros,She does excellent,Once per month,We are very grateful to what we have got. it would be nice to learn about any ways to make it a little bit more accessible for gardening in an apartment such as vertical ways of growing.,,,,,,,,,,,
2024,Cat (Southeast Portland),Containers,This is my first year,Yes,,Yes,Yes,No,Some of the time,Often,Some of the time,Often,Often,Some of the time,Often,Yes,Not sure,No,Yes,Yes,No,Yes,,I was MORE physically active because of the garden,"I really enjoyed garden this year and being able to try growing new foods. A lot of things didn’t grow as expected this year, but I had fun. I really appreciated the workbook and talks we had so I could learn more",Composting,N/A,Cat was great!,Once per month,No,,,,,,,,,,,
2024,Lindsay (North Clackamas),Raised bed,This is my second year,Yes,,Yes,No,I do not visit food pantries anyway.,Often,Often,Some of the time,Often,Often,Some of the time,Often,Yes,Yes,Yes,Yes,No,No,No,,I was MORE physically active because of the garden,It was okay. Summer was better than fall but it is my first time time gardening in the fall. Those dang caterpillars ate my greens. I tried saving them but those caterpillars kept coming back.,Yes,Yes,Lindsay does a great job,Once per month,Not at the moment,,,,,,,,,,,
2024,Kathy (East Portland/Gresham),Raised bed,This is my first year,Yes,,Yes,Yes,I went to food pantries and received emergency food boxes LESS often,Some of the time,Some of the time,Some of the time,Often,Often,Often,Often,Yes,Yes,No,Yes,No,Yes,Yes,,I was MORE physically active because of the garden,Was fun a day interesting to see the garden grow and easy to take care of since it is a raised bed.,Not sure,Yes,KATHY DID A WONDERFUL job. Can think of anything to add.,Once per month,No,,,,,,,,,,,
2024,Lindsay (North Clackamas),Containers,This is my first year,Yes,,,Yes,I went to food pantries and received emergency food boxes LESS often,All of the time,All of the time,All of the time,All of the time,All of the time,All of the time,All of the time,Yes,Yes,Yes,Yes,Yes,Yes,Yes,,I was MORE physically active because of the garden,It was wonderful learned a lot of things,Yes I would like to attend as many as I can get to.,Yes,She did great,Once per month,Thank you so much,,,,,,,,,,,
2024,Isabel (Cully/Parkrose),Raised bed,This is my second year,Yes,,yes,Yes,I do not visit food pantries anyway.,All of the time,All of the time,Some of the time,Some of the time,Often,Often,All of the time,Yes,Yes,Yes,Yes,Yes,Yes,Yes,,I was MORE physically active because of the garden,My kids are now able to identify flowers and plants as we have grown and walk the neighborhood.,yea,yes,Was able to provide seeds and let is know of upcoming produce delivery.,Once per month,I dont prefer a mass text,,,,,,,,,,,
2024,Shireen (North Portland),Containers,This is my first year,Yes,,Yes,Yes,I went to food pantries and received emergency food boxes LESS often,Often,Often,Some of the time,Often,Often,Often,Often,Yes,Yes,Yes,Yes,Yes,Yes,Yes,,I was MORE physically active because of the garden,I enjoyed the harvest,"Yes, just keep us informed",Yes,Shireen did an excellent job,Once per month,Keep me informed of upcoming event,,,,,,,,,,,
2024,Lindsay (North Clackamas),Containers,This is my first year,Yes,,Yes.,Yes,No,Often,Often,Some of the time,Some of the time,Often,Often,Often,Yes,Yes,Yes,Yes,No,Yes,Yes,,I was MORE physically active because of the garden,This was my family’s first time successfully gardening. We learned so much and produced more than we even expected!,I would like to attend all if my schedule allows.,Yes we did!,She does a wonderful job. It’s hard to make all the workshop with my busy schedule and having young children. It would be great if I could attend workshops remotely or receive presentations in paper or video form.,Once per month,No.,,,,,,,,,,,
2024,Kathy (East Portland/Gresham),In-Ground,This is my first year,Yes,,Yes,Yes,I went to food pantries and received emergency food boxes LESS often,Some of the time,Some of the time,Some of the time,Some of the time,Often,Some of the time,Some of the time,Yes,Yes,No,Yes,No,Yes,Yes,,I was MORE physically active because of the garden,We grew an abundance of tomatoes and worked with some new veggies. Learning how to maintain the garden beds and seasons to plant,I'd love more herb knowledge.,Yes would love medicinal plants too in the future,Maybe a few more group meetings to learn some ideas on plants and how to use properly,Once per month,Not that I can think of,,,,,,,,,,,
2024,Kathy (East Portland/Gresham),In-Ground,This is my second year,Yes,,yes,No,I do not visit food pantries anyway.,All of the time,All of the time,Some of the time,Some of the time,Some of the time,Often,All of the time,Yes,No,No,Yes,No,Yes,Yes,,I was MORE physically active because of the garden,Always a good feeling when you put a seed in the ground and harvest from it. It relaxes you. It's therapeutic.,"Green cleaning, food preservation, pest prevention.","Yes, but I got only what was available. I didn't fully make use of what I got.",By having a group of people in the Spring-revamp my garden. Have people pull weeds weekly.,Once per month,Troubleshooting your existing plants by replanting them and seeing if repurposing their growth to minimize the slug problem.,,,,,,,,,,,
2024,Camilo (North Portland),Containers,This is my first year,Yes,,yes,Not sure,I do not visit food pantries anyway.,Often,Often,Often,Often,All of the time,Some of the time,Often,Yes,Not sure,Not sure,No,Yes,Yes,No,,I was MORE physically active because of the garden,we have been in involved together with the kids trying to give them the knowledge we did not have. it's been pretty great!,Yes if there are classes on when to plant winter plants how to maintain them and what they are that would be great!,"an aloe,epazote and/or verdolagas would be amazing",that are pretty great,Once per season,Really appreciate everything that is done for the community!,,,,,,,,,,,
2024,Isabel (Cully/Parkrose),Raised bed,This is my first year,Yes,,,Yes,I do not visit food pantries anyway.,All of the time,All of the time,Often,Often,All of the time,All of the time,All of the time,Yes,Yes,No,Yes,No,Yes,No,,I was MORE physically active because of the garden,I had a garden for the first time this year and it was such a fun activity to show the growth to my parents and have my friends over to eat all my salad!,Seed starter training,I did not receive any plants this year but I did get sufficient soil!,Isabel has been wonderful in checking in and supporting my garden,Once per season,I appreciate the help!,,,,,,,,,,,
2024,Kathy (East Portland/Gresham),Raised bed,This is my first year,Yes,,Yes,Yes,I went to food pantries and received emergency food boxes LESS often,All of the time,All of the time,All of the time,All of the time,All of the time,All of the time,All of the time,Yes,Yes,No,Yes,No,Yes,No,,I was MORE physically active because of the garden,I enjoy going to my garden and harvesting foods to eat.,"Green cleaning, birdhouse workshop.",I was happy with what I received.,You are doing great job!!!,Once per season,"Not presently, I am enjoying this opportunity and my new garden bed.",,,,,,,,,,,
2024,Kathy (East Portland/Gresham),In-Ground,This is my first year,Yes,,"No, I could have used more",Yes,I went to food pantries and received emergency food boxes LESS often,Often,All of the time,All of the time,Often,Often,Often,Often,Yes,Yes,No,Yes,Yes,Yes,Yes,,I was MORE physically active because of the garden,very relaxing and having my children involved in gardening and important to educate them for sustainability,"Anything, and everything to do with gardening, preserving foods, green cleaning","More native plants, indigenous plants.",More in-person workshops.,Once per season,I appreciate their are programs like this that help families learn more about growing foods. It really helps with mental health-and needs more advocates. I feel blessed I got into this program and will be happy to pass on the learning experience.,,,,,,,,,,,
2024,Kathy (East Portland/Gresham),In-Ground,This is my second year,Yes,A bit,yes,Yes,Not sure,Some of the time,Some of the time,Some of the time,Often,Often,Some of the time,Often,Yes,Yes,No,No,No,Not sure,No,,I was MORE physically active because of the garden,A learning curve since we hadn't grown foods before.,Cleaning with green products.,No,Check-ins,Once per season,no,,,,,,,,,,,
2024,Lindsay (North Clackamas),Raised bed,This is my third year,Yes,,"no, would have liked more starts - spinach, squash, tomatoes, tomatillos",Yes,No,Rarely,Some of the time,Rarely,Some of the time,Some of the time,Some of the time,Often,Yes,No,No,Yes,No,Yes,Yes,,I was MORE physically active because of the garden,"I have worked in my garden consistently, it brings me a lot of jjoy and many people have commented on how beautiful it is, although I have a hard time raising food crops to fruition - think it is because of my acidic soil from my oak trees. My son has helped me in the garden as well.","Mushroom growing, fruit tree and vine care","no - would like lots of tomatillos, would also like some hardy kiwis and grape vines, fig starts.",More starts,Once per season,"I really appreciate the food boxes you bring in the summer, they make a huge difference in our food budget and quality of meals",,,,,,,,,,,
2024,Kathy (East Portland/Gresham),Containers,This is my second year,Yes,A little bit,"Yes, I love the flowers the most",No,I do not visit food pantries anyway.,Some of the time,Often,Rarely,Often,Often,All of the time,All of the time,No,No,No,No,No,No,No,,I was MORE physically active because of the garden,great therapy,Not necessarily,"No, more flowers","Check ins, and with indoor plants",Once per season,No,,,,,,,,,,,
2024,Kathy (East Portland/Gresham),In-Ground,This is my third year,Yes,,yes,Yes,I went to food pantries and received emergency food boxes LESS often,Some of the time,All of the time,Some of the time,Some of the time,Some of the time,Some of the time,Some of the time,Yes,Yes,No,Yes,Yes,No,No,,I was MORE physically active because of the garden,I learned a lot of skills about which food I was growing.,"How to grow and take care of the plants, how to prepare foods, how to save foods.","No, pumpkin, eggplant, long bean, yellow bean, green bean, purple long bean. Bitter fruit.","Seeds and plants, workshops.",Once per season,No,,,,,,,,,,,
2024,Ceci (Washington County),In-Ground,This is my first year,No,Because it was installed just a few weeks ago,"Not yet, just started the program",Not sure,Not sure,Some of the time,Some of the time,Some of the time,Some of the time,Some of the time,Some of the time,Some of the time,Not sure,Not sure,Not sure,Not sure,Not sure,No,Not sure,,I was LESS physically active because of the gardent sure,We are excited to start this program,Not sure,Not yet,She is great,Once per season,No,,,,,,,,,,,
2024,Shireen (North Portland),Raised bed,This is my first year,Yes,,Yes,Yes,I do not visit food pantries anyway.,Often,Often,Often,Often,Often,Often,Often,Yes,Yes,Yes,Yes,No,Yes,No,,I was LESS physically active because of the garden,Good,Vegan cooking,Yes,Nothing she is doing fine,Once per season,No,,,,,,,,,,,
2024,Kathy (East Portland/Gresham),In-Ground,This is my first year,Yes,,Yes,Yes,I do not visit food pantries anyway.,Some of the time,Some of the time,Some of the time,Rarely,Rarely,Some of the time,Some of the time,Yes,Yes,Yes,Not sure,No,No,Not sure,,I was MORE physically active because of the garden,Fresh tomatoes and chilies so good,Yes,Yes,"With some soil, bed and some gardening supplies",Once per season,Very helpful I love to do gardening,,,,,,,,,,,
2024,Kathy (East Portland/Gresham),In-Ground,This is my second year,Yes,,Yes plenty,Yes,I went to food pantries and received emergency food boxes LESS often,Some of the time,Some of the time,Some of the time,Some of the time,Some of the time,Often,Often,Yes,Yes,Yes,Yes,No,Yes,Yes,,I was MORE physically active because of the garden,More time together,Not sure,Yes,Myself communicate more,Once per season,No,,,,,,,,,,,
2024,Carolina (North Clackamas),Containers,This is my second year,Yes,N/A,Yes,Yes,I went to food pantries and received emergency food boxes LESS often,Often,Often,All of the time,Often,All of the time,All of the time,All of the time,Yes,Yes,Yes,No,Yes,Yes,Yes,,I was MORE physically active because of the garden,We enjoy making salsa from fresh vegetables,Preparing the soil,Yes,Maintaining contact - a phone call here in there,Once per season,Not right now,,,,,,,,,,,
2024,Kathy (East Portland/Gresham),In-Ground,This is my first year,Yes,,Yes,Yes,I went to food pantries and received emergency food boxes LESS often,Often,Often,Often,Some of the time,Some of the time,Some of the time,Often,Yes,Yes,Yes,Yes,Yes,Yes,Yes,,I was MORE physically active because of the garden,We were able to garden successfully this year we have been trying for a few years since we’ve moved here.,Any and all,Yes,I only received 1 plot. I was supposed to get 2,Once per season,No. Thank you so much,,,,,,,,,,,
2024,Cat (Southeast Portland),Raised bed,This is my third year,Yes,,Yes! Love the program thank you!,Yes,Not sure,Some of the time,Some of the time,Some of the time,Some of the time,Some of the time,Some of the time,Some of the time,Yes,Yes,Yes,Yes,Yes,Yes,Yes,,I was MORE physically active because of the garden,Still learning but I feel more confident in what I'm doing,"Yes, any that are in my neighborhood.",Yes,Miss Cat is the best. She is so helpful.,Once per season,Thank you so much for all you do. You guys are awesome!,,,,,,,,,,,
2024,Camilo (North Portland),In-Ground,This is my third year,Yes,,Yes,Yes,I went to food pantries and received emergency food boxes LESS often,Often,All of the time,All of the time,Rarely,Some of the time,All of the time,All of the time,Yes,Yes,Yes,Yes,Yes,Yes,Yes,,I was MORE physically active because of the garden,Communication about growing our plant good and the bad growth.,No,Mustard and turnip greens,Gardening view,Once per week,No,,,,,,,,,,,
2024,Camilo (North Portland),Raised bed,This is my third year,Yes,,Yes,Yes,I went to food pantries and received emergency food boxes LESS often,All of the time,All of the time,All of the time,All of the time,All of the time,All of the time,Often,Yes,Yes,No,Yes,Yes,No,Yes,,I was MORE physically active because of the garden,"Getting out in the garden with the grandkids and watching them, fresh vegetables and eating them","Canning, and seed harvesting or saving",Yes,N/a He’s good,Once per week,No,,,,,,,,,,,
2024,Angelica (East Portland/Gresham),In-Ground,This is my second year,Yes,,Yes i did,Yes,I went to food pantries and received emergency food boxes LESS often,All of the time,All of the time,All of the time,All of the time,All of the time,All of the time,Often,Yes,Yes,Yes,Yes,Yes,Yes,Yes,,I was MORE physically active because of the garden,It's been wonderful because we plant as a family. And that's helps our family to be more healthy and happy. It was wondering getting our hands dirty to prepare the soil.,Cooking more health meeals with what we grow.,Yes I did,By being able to stay in this program for longer time.,Once per week,Thank you for everything is been really helpful.,,,,,,,,,,,
2024,Amber (Cully/Parkrose),In-Ground,This is my first year,Yes,,Yes,Not sure,Not sure,None of the time,Some of the time,Rarely,Rarely,Rarely,None of the time,Rarely,Yes,No,No,Yes,Yes,Yes,No,,I was MORE physically active because of the garden,Our garden was much more productive than previous years thanks to growing garden’s amendments,I don’t know,"There were produce boxes made available but often they would run out before I could get it so I stopped trying. At first, before she moved, Tammy would bring me produce and that was a huge help because I don’t always have a car.",Just be understanding that I can’t always participate in extra activities because I have a 5 yr old and not a lot of energy. I am thankful for everything you all do.,Our community organizer is new,No,,,,,,,,,,,
2024,Angelica (Este de Portland/Gresham),In-Ground,This is my first year,Yes,,Yes,Yes,Yes,All of the time,All of the time,All of the time,Often,All of the time,All of the time,All of the time,Yes,Yes,Yes,Yes,Yes,Yes,Yes,,I was MORE physically active because of the garden,Vegetables were better and organic,Everything interests me,Yes,Supporting,Often,,,,,,,,,,,,
2024,Angelica (Este de Portland/Gresham),Raised bed,This is my first year,Yes,Yes,Yes,Yes,No,Often,All of the time,Often,Often,All of the time,Often,All of the time,Yes,Yes,No,No,No,Yes,No,,I was MORE physically active because of the garden,I really like all the information you give me,Yes how to combat the pest of fruit trees,Yes,All is excellent,As needed,,,,,,,,,,,,
2024,Lindsay (North Clackamas),Raised bed,This is my first year,Yes,,Would prefer more of a vegetable and herb selection,Yes,I went to food pantries and received emergency food boxes LESS often,Often,Often,All of the time,Some of the time,Often,Rarely,All of the time,Yes,No,No,Yes,Yes,Yes,Yes,,I was MORE physically active because of the garden,I wasn’t in nearly as much pain since I now have a raised bed and I had so much room for planting in it,How to can food and how to test my soil.,N/a,Better selection of veggies and herbs throughout the year. Are there any places I can donate my excess crops?,Several times per year,How much I appreciate your program!,,,,,,,,,,,
2024,Cat (Southeast Portland),Raised bed,This is my first year,Yes,,Yes,Yes,I went to food pantries and received emergency food boxes LESS often,Some of the time,Some of the time,Rarely,Some of the time,Often,Some of the time,Some of the time,Yes,Not sure,No,Yes,Yes,Yes,Yes,,I was MORE physically active because of the garden,"We planted our initial garden with friends. We had two tomato plant transfers from my hydroponics system, two tomatillo starts, an assortment of peppers, two zucchini plants, two cucumber plants, some strawberries starts, mustard seed starts, and kale starts, corn and bean seeds all from growing gardens. The strawberries did not produce. The cucumber was actually yellow melon and died from disease. The kale was eaten early on by caterpillars. The tomatillos exploded but then failed to yield much produce because I failed to trim it. The tomatoes fell over the side of the box from weight and then failed to turn red. The corn produced one ear and it was inedible. The mustard seed starts grew well and we saved some seeds for next year. The lettuce did not turn the right color green and was inedible.","Fall gardening, what to expect from different plants (i.e. zucchini will never stop growing in size)",Yes,I was not assigned a garden mentor until late and as a result had many issues with my grow. Consistent pre schedule visits would have been beneficial for me.,Three times,Please assign garden mentor and do a meet and greet before handing out plant starts.,,,,,,,,,,,
2024,Isabel (Cully/Parkrose),Raised bed,This is my first year,Yes,,Yes,Yes,Yes,Often,Often,Often,Some of the time,Often,Often,Some of the time,Yes,Yes,Yes,Yes,No,Yes,Yes,,I was MORE physically active because of the garden,"I feel healthier, happier, more relaxed.",How to learn to have an abundant harvest.,Chiltepin,To call me more often.,Once a month,,,,,,,,,,,,
2024,Angelica (Este de Portland/Gresham),Raised bed,This is my second year,Yes,,,Yes,Yes,Some of the time,Often,Often,Often,All of the time,Often,Often,Yes,Yes,Not sure,Yes,Yes,Yes,Yes,,I was MORE physically active because of the garden,Todos participamos en grupos cada uno siembra una cosa,Learn how to improve my garden,"Tools, chemicals and more plants",I would like more land than what we were given if we can,Once a month,,,,,,,,,,,,
2024,Angelica (Este de Portland/Gresham),Community Garden,This is my second year,Yes,,"No, I feel I didn't get enough plants",Yes,Not sure,Some of the time,Often,Some of the time,Some of the time,Often,Some of the time,Some of the time,Not sure,Yes,Not sure,Yes,Yes,Yes,Yes,,I was MORE physically active because of the garden,"We all participate in groups, each one of us sows one thing",How to make preserves from harvested vegetables,"Roma tomato, cilantro, cucumbers, serrano and habanero peppers",To do events to share with others,Once a month,,,,,,,,,,,,
2024,Angelica (Este de Portland/Gresham),In-Ground,This is my third year,Yes,I gardened,Yes I received enough,Yes,Yes,Some of the time,Some of the time,Some of the time,Some of the time,Some of the time,Some of the time,Some of the time,Yes,Yes,Yes,Yes,Yes,Yes,Yes,,I was MORE physically active because of the garden,All excellent,More programs,The give it to them,More tools,Once a month,,,,,,,,,,,,
2024,Isabel (Cully/Parkrose),In-Ground,This is my third year,Yes,,"Yes they were enough, I could have planted even more.",Yes,Not sure,Some of the time,Some of the time,Some of the time,Some of the time,Some of the time,Often,Some of the time,Yes,Yes,Not sure,Not sure,Yes,Yes,Yes,,I was MORE physically active because of the garden,"This year has been a year of transformation and transition for my family, and we did not dedicate as much time and love to the garden. I hope that the next season will be more intentional and full of love and vegetables.",Starting plants from seeds,Mad varieties of zucchini would be nice.,"I would love to be more involved, but my weekends are busy with my work and many times the workshops are held on Saturdays.",Once a month,,,,,,,,,,,,
2024,Isabel (Cully/Parkrose),Containers,This is my third year,Yes,,Few plants,Yes,Yes,Some of the time,Some of the time,Some of the time,Rara vez,Some of the time,Some of the time,Some of the time,Yes,Yes,Yes,No,No,Yes,No,,I was MORE physically active because of the garden,I already know how to plant vegetables,The workshops I attended are good,More plants because this time there were only a few.,For me it's all good thank you,Once a month,,,,,,,,,,,,
2024,Carolina (Norte de Clackamas),In-Ground,This is my first year,Yes,,No,No,No,Often,None of the time,All of the time,All of the time,All of the time,All of the time,All of the time,Yes,Yes,Yes,Yes,No,Yes,Yes,,I was MORE physically active because of the garden,Excellent,No,no,earthGrouping,Once a month,,,,,,,,,,,,
2024,Ceci (Condado de Washington),In-Ground,This is my first year,Yes,,Yes,Yes,Yes,All of the time,Often,Often,Often,Often,Often,Often,Yes,Yes,Not sure,Yes,No,Yes,Yes,,I was MORE physically active because of the garden,"I was the one who participated the most in taking care of the garden, my kids were not so eager (they are teenagers and bring their own vibe), but when they got up the courage to help me take care of the tomatillos and cook salsa, the kids were involved in the cooking.",I would like to learn how to make ointments with medicinal plants.,For next season I would like to grow cabbage and green beans.,"So far so good, at first there were some communication problems because I didn't tell Ceci that I have a spinal injury and can't bend down, and I would have liked to have an elevated drawer. Since I talked to Ceci about this issue, she has made the process easier for me and I am happy with my garden.",Once a month,,,,,,,,,,,,
2024,Angelica (Este de Portland/Gresham),In-Ground,This is my first year,Yes,,Yes,Yes,Yes,Often,Often,All of the time,Often,All of the time,All of the time,All of the time,Yes,Yes,Yes,Yes,Yes,Not sure,No,,I was MORE physically active because of the garden,The children participated in the harvest.,Seasonal plants,Plants of scent as an improvement,With more resources,Once a month,,,,,,,,,,,,
2024,Isabel (Cully/Parkrose),Raised bed,This is my third year,Yes,,Some of tomato and morron,Yes,Yes,Some of the time,Often,Some of the time,Some of the time,Often,Some of the time,Often,Yes,Not sure,Not sure,Yes,No,Yes,Yes,,I was LESS physically active because of the gardent sure,We are becoming aware of what the Earth is giving us and learning how to take care of it.,About what they are and how to identify the different types of mushrooms,Yes,Nothing comes to mind at the moment.,Once a month,,,,,,,,,,,,
2024,Carolina (Norte de Clackamas),In-Ground,This is my second year,Yes,,,Yes,Yes,All of the time,All of the time,Often,Often,Often,Some of the time,Often,Yes,Yes,Yes,Yes,Yes,Yes,No,,I was MORE physically active because of the garden,Good because we are excited about harvesting what we sow and I get to spend more time with my family.,Ability to save seed and grow again,Yes,Good organizer supports well,Once a month,,,,,,,,,,,,
2024,Camilo (Norte Portland),Raised bed,This is my third year,Yes,,,Yes,Not sure,Often,Often,Often,Often,Often,Often,Often,Yes,Yes,Yes,Yes,Not sure,Not sure,Yes,,I was MORE physically active because of the garden,Good,No,Yes,What it does is very good,Once a month,,,,,,,,,,,,
2024,Carolina (Norte de Clackamas),In-Ground,This is my first year,Yes,,Yes,Yes,Yes,Often,Often,Often,Rara vez,Often,All of the time,Some of the time,Yes,Yes,Yes,Yes,Yes,Yes,Yes,,I was MORE physically active because of the garden,This year we had more of a different harvest with the plants that were given to us.,How to grow and harvest more,Yes,By consuming more plants,Once a month,,,,,,,,,,,,
2024,Angelica (Este de Portland/Gresham),In-Ground,This is my second year,Yes,,Yes,Yes,No,All of the time,All of the time,Often,Some of the time,All of the time,Some of the time,Often,Yes,Yes,Yes,Yes,Yes,Yes,Yes,,I was MORE physically active because of the garden,Everyone happy,More information about,Yes,I always have information from her for everything.,Once a month,,,,,,,,,,,,
2024,Angelica (Este de Portland/Gresham),Containers,This is my third year,Yes,,Yes,Yes,Yes,Often,Often,Often,Often,Often,Often,Often,Yes,Yes,Yes,Yes,Yes,Yes,Yes,,I was MORE physically active because of the garden,Living more with the family,How to prepare the soil,Yes,Give the plants sooner,Once a month,,,,,,,,,,,,
2024,Isabel (Cully/Parkrose),Containers,This is my third year,Yes,,Yes,Yes,Yes,Often,Often,Often,Often,Often,Often,Often,Yes,Yes,Yes,Yes,Yes,Yes,Yes,,I was MORE physically active because of the garden,Increased consumption of vegetables,For now I don't have any in mind,Yes,So far so good,Once a month,,,,,,,,,,,,
2024,Carolina (Norte de Clackamas),Raised bed,This is my first year,Yes,,Yes,Yes,Yes,All of the time,All of the time,All of the time,Often,All of the time,Often,All of the time,Yes,Yes,Yes,Yes,Yes,Yes,Yes,,I was MORE physically active because of the garden,For being the first year it was a good experience,Yes on how to take care of plants and know when to fertilize them,Yes,She is always willing to help us with whatever we need.,Once a month,,,,,,,,,,,,
2024,Isabel (Cully/Parkrose),In-Ground,This is my third year,Yes,,,Yes,Yes,All of the time,All of the time,Often,All of the time,All of the time,Often,All of the time,Yes,Yes,Yes,Yes,Yes,Yes,Yes,,I was MORE physically active because of the garden,"Constantly learning, thank you for your valuable contribution.","Yes, how to identify the state of the soil (acid/alkaline)",Yes,I think they are already doing very well,Once a month,,,,,,,,,,,,
2024,Carolina (Norte de Clackamas),Containers,This is my third year,Yes,,Yes,Yes,Yes,All of the time,All of the time,All of the time,All of the time,All of the time,All of the time,All of the time,Yes,Yes,Yes,Yes,Yes,Yes,Yes,,I was MORE physically active because of the garden,Very good experience,Cpr,Yes,Everything is fine,Once a month,,,,,,,,,,,,
2024,Angelica (Este de Portland/Gresham),Raised bed,This is my second year,Yes,,Yes,Yes,Yes,All of the time,All of the time,All of the time,All of the time,All of the time,All of the time,All of the time,Yes,Yes,Yes,Yes,Yes,Yes,Yes,,I was MORE physically active because of the garden,Very nice because we lived together as a family,workshops on irrigation,Yes,more workshops,Once a month,,,,,,,,,,,,
2024,Angelica (Este de Portland/Gresham),In-Ground,This is my third year,Yes,yes,Yes,Yes,Yes,All of the time,All of the time,All of the time,All of the time,All of the time,All of the time,All of the time,Yes,Yes,Yes,Yes,Yes,Yes,Yes,,I was MORE physically active because of the garden,Because it is the way to live with the family.,on how to harvest,Yes,is enough and a lot,Once a month,,,,,,,,,,,,
2024,Angelica (Este de Portland/Gresham),In-Ground,This is my third year,Yes,,Yes,Yes,Yes,All of the time,All of the time,All of the time,All of the time,All of the time,All of the time,All of the time,Yes,Yes,Yes,Yes,Yes,Yes,Yes,,I was MORE physically active because of the garden,"family union, it unites us more as a family","pests, the crop",Yes,offering more resources,Once a month,,,,,,,,,,,,
2024,Angelica (Este de Portland/Gresham),In-Ground,This is my third year,Yes,,Yes,Yes,Yes,All of the time,All of the time,All of the time,All of the time,All of the time,All of the time,All of the time,Yes,Yes,Yes,Yes,Yes,Yes,Yes,,I was MORE physically active because of the garden,living together as a family,irrigation,Yes,with more resources,Once a month,,,,,,,,,,,,
2024,Angelica (Este de Portland/Gresham),Raised bed,This is my first year,Yes,,Yes,Yes,Yes,All of the time,Often,All of the time,Often,Often,Often,Often,Yes,Yes,Yes,Yes,Yes,Yes,Yes,,I was MORE physically active because of the garden,Spending time together preparing the whole process of the garden to receive more plants.,Know how to get more plants,Yes,Giving more products for the garden,Once a month,,,,,,,,,,,,
2024,Isabel (Cully/Parkrose),Raised bed,This is my first year,Yes,,"No, because my orchard is small",Yes,No,All of the time,All of the time,Often,Often,All of the time,Often,All of the time,Yes,Yes,Not sure,Yes,No,Yes,Yes,,I was MORE physically active because of the garden,We enjoy working together planting and harvesting.,"Yes, learn how to can food, vegetable or fruit if","Yes ,scissors and a barbecue","With workshops, dealing with crops",Once a month,,,,,,,,,,,,
2024,Angelica (Este de Portland/Gresham),In-Ground,This is my third year,Yes,,Yes,Yes,Yes,All of the time,All of the time,All of the time,All of the time,All of the time,All of the time,All of the time,Yes,Yes,Yes,Yes,Yes,Yes,Yes,,I was MORE physically active because of the garden,it brought me closer to my family,if from pests,yes thank you,everything is fine,Once a month,,,,,,,,,,,,
2024,Angelica (Este de Portland/Gresham),In-Ground,This is my second year,Yes,,Yes,Yes,Yes,All of the time,All of the time,Often,Often,Often,Often,All of the time,Yes,Yes,Yes,Yes,Yes,Yes,Yes,,I was MORE physically active because of the garden,Very nice because we are anxious to see the fruits of our labor and effort.,Pastry,Yes I received them,I have enough Apollo thank you,Once a month,,,,,,,,,,,,
2024,Isabel (Cully/Parkrose),Community Garden,This is my third year,Yes,,,Yes,No,All of the time,All of the time,All of the time,None of the time,None of the time,Rara vez,All of the time,Yes,Yes,Not sure,Yes,Yes,Yes,Yes,,I was LESS physically active because of the gardent sure,Yes,Yes,Yes I receive tomato,They are already doing it thank you,Once a month,,,,,,,,,,,,
2024,Angelica (Este de Portland/Gresham),Raised bed,This is my third year,Yes,,Yes was enough,Yes,Yes,Often,Often,Often,Often,Often,Often,Often,Yes,Yes,Yes,Yes,Yes,Yes,Yes,,I was MORE physically active because of the garden,Good coexistence,Learn more about plants,Yes I received everything,I think you are doing a good job,Once a month,,,,,,,,,,,,
2024,Isabel (Cully/Parkrose),Raised bed,This is my third year,Yes,,The seeds and plants were very useful for my family.,Yes,Yes,Often,Often,Often,Some of the time,Often,Often,Often,Yes,Yes,Yes,Yes,No,Yes,Yes,,I was MORE physically active because of the garden,"It was a cooperative, family work with great achievements collected from the production of the plantation. Our food is more nutritious.",Learn how to make natural soaps without chemicals and natural fertilizers.,"Yes, I received plants",Continuing with the classes on how they have been done to have plants and know more about how to make organic fertilizers.,Once a month,,,,,,,,,,,,
2024,Angelica (Este de Portland/Gresham),In-Ground,This is my second year,No,I was out of the country,,Yes,Yes,All of the time,All of the time,All of the time,All of the time,All of the time,All of the time,All of the time,Yes,Yes,Yes,Yes,Yes,Yes,Yes,,I was MORE physically active because of the garden,It is fun and de-stressing,No,"Yes, everything is fine",Everything is fine,Once a month,,,,,,,,,,,,
2024,Ceci (Condado de Washington),Containers,This is my first year,Yes,,Yes was enough,Yes,I do not visit food pantries anyway.,Some of the time,Some of the time,Some of the time,Some of the time,Some of the time,Some of the time,Some of the time,Yes,Yes,Yes,Yes,No,Yes,Yes,,I was MORE physically active because of the garden,My family is happy because of the zucchini and chili peppers.,Yes with how to cure diseased fruit trees.,I am fine with what they gave me,“I have problems on the Columba Pat bending over I would like a high bench.”,Once per season,,,,,,,,,,,,
2024,Ceci (Condado de Washington),Containers,This is my first year,Yes,,Yes I received enough for my pots,Yes,I do not visit food pantries anyway.,All of the time,All of the time,All of the time,Often,Often,Often,All of the time,Yes,Yes,Yes,No,Yes,Yes,Yes,,I was MORE physically active because of the garden,My family told me that now I had a harvest.,I am not aware of any more training.,It was good what they gave me,I would like a high bench because I have spinal problems and it is difficult for me to bend down.,Once per season,,,,,,,,,,,,
2024,Angelica (Este de Portland/Gresham),Containers,This is my first year,No,I did not have a suitable place.,Yes,Not sure,Not sure,Some of the time,Some of the time,Some of the time,Some of the time,Some of the time,Some of the time,Some of the time,Yes,Yes,Yes,Not sure,Yes,Not sure,Not sure,,I was LESS physically active because of the gardent sure,I didn't have the opportunity to do it.,Anybody is good to learn.,Yes,In more meetings,Once per season,,,,,,,,,,,,
2024,Angelica (Este de Portland/Gresham),In-Ground,This is my second year,Yes,,Yes,Not sure,I do not visit food pantries anyway.,Some of the time,Often,Often,Often,All of the time,Some of the time,All of the time,Yes,Yes,Not sure,Yes,No,Not sure,No,,I was MORE physically active because of the garden,We come together as a family to take care of the garden.,I don't know.,Yes,I don't know,Once per season,,,,,,,,,,,,
2024,Angelica (Este de Portland/Gresham),Raised bed,This is my first year,Yes,,Yes,Yes,Not sure,Often,Often,Often,Some of the time,Some of the time,Some of the time,Often,Yes,Yes,Yes,No,No,Yes,Yes,,I was MORE physically active because of the garden,It's nice to have vegetables on hand when you need them.,Yes,Yes,Yes I like it when they provide you with boxes of vegetables,Once per season,,,,,,,,,,,,
2024,Angelica (Este de Portland/Gresham),Containers,This is my third year,Yes,,Yes,Yes,Yes,None of the time,None of the time,All of the time,All of the time,All of the time,All of the time,All of the time,Yes,Yes,Yes,Yes,No,Yes,Yes,,I was MORE physically active because of the garden,It was nice to go and harvest with my daughters everything we planted and they were happy to bring down all the vegetables.,Yes,Yes,In more talks about how to get rid of plant bugs and about pesticides.,Once per season,,,,,,,,,,,,
2024,Isabel (Cully/Parkrose),In-Ground,This is my second year,Yes,,Yes,Yes,Yes,All of the time,All of the time,All of the time,All of the time,All of the time,All of the time,All of the time,Yes,Yes,Yes,Yes,Not sure,Yes,Yes,,I was MORE physically active because of the garden,Working together.,"Yes , How to can chicken, vegetables.",Yes,How to fertilize the plants horticulturally and nourish the plants.,Once per season,,,,,,,,,,,,
2024,Isabel (Cully/Parkrose),Containers,This is my third year,Yes,,Yes,Yes,I do not visit food pantries anyway.,Often,Often,Often,Often,Often,Often,Often,Yes,Yes,Yes,Yes,Yes,Yes,Yes,,I was MORE physically active because of the garden,More participation to sow,Canned fruits,Yes,I think for the moment it's fine with the support.,Once per season,,,,,,,,,,,,
2024,Angelica (Este de Portland/Gresham),In-Ground,This is my first year,Yes,"chiles, jitomates, tomatillo,",Yes,Yes,Not sure,Often,Often,All of the time,All of the time,All of the time,All of the time,All of the time,Yes,Yes,Yes,Yes,Yes,Yes,Yes,,I was MORE physically active because of the garden,very good,About pests,Yes,Answering questions,Once per season,,,,,,,,,,,,
2024,Isabel (Cully/Parkrose),Raised bed,This is my first year,No,I had to move and for reasons beyond my control,Yes enough seeds,Yes,Not sure,Some of the time,Some of the time,Some of the time,Often,Some of the time,Often,Often,No,Yes,Yes,Yes,No,Yes,No,,I was LESS physically active because of the gardent sure,Eating fresh vegetables,Yes how to plant chayotes,Yes,All very well,Once per season,,,,,,,,,,,,
2024,Isabel (Cully/Parkrose),Containers,This is my third year,Yes,,Yes,Yes,Not sure,Some of the time,Often,Often,Some of the time,All of the time,All of the time,All of the time,Yes,Yes,Yes,No,Not sure,Yes,No,,I was MORE physically active because of the garden,It is very exciting when we harvest the vegetables,That we always have workshops to motivate us to continue planting.,Yes,We are very grateful for the plants that we are given,Once per season,,,,,,,,,,,,
2024,Angelica (Este de Portland/Gresham),Containers,This is my first year,No,Because I have no space,Yes,Yes,Yes,All of the time,All of the time,Some of the time,Some of the time,Often,Some of the time,All of the time,Yes,Yes,Yes,No,Not sure,Yes,Yes,,I was MORE physically active because of the garden,I liked my plants and we enjoyed cutting tomatoes with my daughters.,That they guide us on how to plant,Yes,Support as needed.,Once per season,,,,,,,,,,,,
2024,Angelica (Este de Portland/Gresham),In-Ground,This is my third year,Yes,,Yes,Yes,Yes,Often,All of the time,All of the time,All of the time,All of the time,All of the time,All of the time,Yes,Yes,Yes,Yes,Yes,Yes,Yes,,I was MORE physically active because of the garden,My family and I ate more vegetables,No,Yes,I am satisfied,Once per season,,,,,,,,,,,,
2024,Angelica (Este de Portland/Gresham),Community Garden,This is my second year,Yes,,Yes,Yes,Yes,All of the time,All of the time,All of the time,All of the time,All of the time,All of the time,All of the time,Yes,Yes,Yes,Yes,Yes,Yes,Yes,,I was MORE physically active because of the garden,Very good,Not at the moment,Yes,I do not know,Once per season,,,,,,,,,,,,
2024,Angelica (Este de Portland/Gresham),In-Ground,This is my third year,Yes,Yes,Yes,Yes,Yes,Some of the time,Some of the time,Often,Often,Some of the time,Often,All of the time,Yes,Yes,Yes,Yes,Yes,Yes,Yes,,I was MORE physically active because of the garden,It was very good harvesting everything was good.,Study the time of each planting,Yes is good,Know when each plant is planted to bear fruit at the right time.,Once per season,,,,,,,,,,,,
2024,Angelica (Este de Portland/Gresham),In-Ground,This is my third year,Yes,,Yes I received enough to plant,Yes,Yes,Often,Often,Often,Often,Often,Often,Often,Yes,Yes,Yes,Yes,No,Yes,Yes,,I was LESS physically active because of the gardent sure,Very grateful to learn this new skill.,Green cleaners,Yes!,All is well.,Once per season,,,,,,,,,,,,
2024,Angelica (Este de Portland/Gresham),Community Garden,This is my third year,Yes,,Yes,Yes,Yes,Often,Often,Some of the time,Some of the time,Some of the time,Often,Often,Yes,Yes,Yes,Yes,Yes,Yes,Yes,,I was MORE physically active because of the garden,My family and I have spent quality time and fun and learning when working in our garden.,I am interested in any workshops you offer.,Yes. But I am also interested in fruit trees.,Sharing information,Once per season,,,,,,,,,,,,
2024,Camilo (Norte Portland),Raised bed,This is my third year,Yes,I gardened,Enough to sow,Yes,Yes,None of the time,All of the time,All of the time,All of the time,All of the time,Some of the time,All of the time,Yes,Yes,Yes,Yes,No,Yes,Yes,,I was LESS physically active because of the garden,The participation of my children,Healing plants,Everything is fine.,Give her more plants,Once per season,,,,,,,,,,,,
2024,Angelica (Este de Portland/Gresham),In-Ground,This is my second year,Yes,,Yes,Not sure,Not sure,Often,Often,Some of the time,Some of the time,Some of the time,Some of the time,Some of the time,Yes,Yes,No,Yes,No,Yes,Yes,,I was LESS physically active because of the gardent sure,"My garden is small, so the changes have not been many.",How and when to sow. Techniques to obtain a better harvest. How to prepare the soil etc.,What we eat the most is tomatoes and there are never enough seedlings. We only get a couple and we have to buy more at the store.,Angelica is very supportive.,About 4 or 5 times per year,,,,,,,,,,,,
2024,Isabel (Cully/Parkrose),Containers,This is my second year,Yes,,Yes,Yes,Yes,Some of the time,Some of the time,Some of the time,Some of the time,Some of the time,Some of the time,Some of the time,Yes,Yes,Yes,Yes,No,Yes,No,,I was MORE physically active because of the garden,I hope the next one will be better.,I don't know,Tomatillo,I like to,Several times a year,,,,,,,,,,,,
2024,Camilo (North Portland),Raised bed,This is my first year,Yes,,Yes,Not sure,I went to food pantries and received emergency food boxes LESS often,Often,Often,Some of the time,Often,Often,Often,Often,Yes,Yes,Yes,Yes,Yes,Yes,Yes,,I was MORE physically active because of the garden,"Wonderful experience. We are looking forward and planning for next years garden, We've tried so many newer veggies and more.",Tips on keeping indoor and outdoor plants alive and plentiful.,Yes,Oh he was a great support and taught me many things. Mr. Camillo Centeno is great!,Very often,This program is great and id like to continue with it. i've learned so much and many in my village have been blessed with our garden this year.,,,,,,,,,,,
2024,Lindsay (North Clackamas),In-Ground,This is my second year,Yes,,"No, was out of seeds and plants for 2 years. Dont know what expectations should be. I did get a few plants",Not sure,Not sure,Often,Often,Some of the time,Some of the time,Some of the time,Some of the time,Often,No,No,No,Yes,No,Yes,Yes,,I was MORE physically active because of the garden,We got some seeds from my library and tried to grow them. Pulled weeds regularly. We spent a lot of time with family and neighbors harvesting and canning.,Yes. Are there efficient ways to control weeds? Are there ways to keep deer away? Still waiting for mushroom growing class. Are you supposed to fertilize plants after planting and with what? How can I start sucesessfully plants early,"Cucumbers, corn seed, yellow & green squash, snap pea seed, pumpkins, onion sets, basil, parsley, dill, cabbage",Provide things we were told we would get 1st year. My stuff got lost when organizers changed. Inform us of classes/events. Maybe there hasn't been any.,When i was told there were some plants,"Would like to get the mulch and supplies that I was supposed to get 1st year.
Feel like I might have missed some important communication on the program.",,,,,,,,,,,
2024,Carolina (Norte de Clackamas),Raised bed,This is my first year,Yes,,,Yes,Not sure,Often,All of the time,All of the time,Often,Often,All of the time,Often,Yes,Yes,Not sure,Yes,Yes,Not sure,Yes,,I was MORE physically active because of the garden,Excellent,Yes,Yes,All excellent,,,,,,,,,,,,,
2024,Angelica (Este de Portland/Gresham),Containers,This is my second year,Yes,,Yes,Yes,I do not visit food pantries anyway.,None of the time,None of the time,All of the time,Some of the time,None of the time,None of the time,All of the time,Yes,Yes,Yes,No,No,Yes,No,,I was MORE physically active because of the garden,Great for my kids to get them involved in planting and watering the plants.,No,Yes,I do not know,,,,,,,,,,,Classes,,
2023,Carolina,In-Ground,,Yes,,Yes,Yes,I went to food pantries and received emergency food boxes LESS often,,,,,,,,Yes,Yes,,Yes,Yes,Yes,Yes,Yes,I was MORE physically active because of the garden,,Gardening,,,,,The harvest,Yes,Yes,"Yeah; Children under 5 years old, Yes, 13-17 years old",Their interest increased,,Yes,,Everything is fine,,
2023,Carolina,Containers,,Yes,,Yes,Yes,I went to food pantries and received emergency food boxes LESS often,,,,,,,,Yes,Yes,,No,No,Yes,No,Yes,I was MORE physically active because of the garden,,How to can and freeze the harvest,,,,,Harvest with my daughters,Yes,Yes,"Yeah; Children under 5 years old, Yes, 13-17 years old",Their interest increased,,No,I was busy,More workshops,,
2023,Carolina,In-Ground,,Yes,,Yes,Yes,I went to food pantries and received emergency food boxes MORE often,,,,,,,,Yes,Yes,,Yes,Yes,Yes,Yes,Not sure,I was MORE physically active because of the garden,,Knowledge of more plants,,,,,Living with my children,Yes,Yes,"Yeah; Under 5 years old, Yes, 6-12 years old, Yes, 13-17 years old",Their interest increased,,Yes,,How to know if the soil is good for planting,,
2023,Carolina,In-Ground,,Yes,,Yes,Yes,I went to food pantries and received emergency food boxes LESS often,,,,,,,,Yes,Yes,,Yes,Yes,Yes,Yes,Yes,I was MORE physically active because of the garden,,Healthy food.,,"Wonderful, Mrs. Carolina supports us a lot in all aspects",,,All,Yes,Yes,"Yes, 13-17 years",Their interest increased,,Yes,,I would like more how to combat vegetable pests,,
2023,Carolina,Containers,,Yes,,Yes,Yes,I went to food pantries and received emergency food boxes LESS often,,,,,,,,Yes,Yes,,Yes,Yes,Yes,Yes,Yes,I was MORE physically active because of the garden,,"I think I learned a lot in the growing garden workshops and the workshop that I loved was the hajo workshop, thanks to Mrs. Carolina and Angelica",,She is very active,,,My favorite part was when my wife and I won the biggest cucumbers,Yes,Yes,No,I don't have children,,Yes,,Support for those of us who have already completed 3 years in these workshops,,
2023,Carolina,In-Ground,,Yes,,Yes,Yes,Stay the same as before I had my garden,,,,,,,,Yes,Yes,,Yes,No,Yes,No,Yes,I was MORE physically active because of the garden,,How to make an irrigation system,,She is very respectful and friendly,,,Seeing what I harvest gives me a lot of emotion.,Yes,Yes,No,I don't have children,,No,I never received an invitation,Know how to plant mushrooms,,
2023,Carolina,In-Ground,,Yes,,Yes,Yes,I went to food pantries and received emergency food boxes LESS often,,,,,,,,Yes,Yes,,No,No,Yes,Yes,Yes,I was MORE physically active because of the garden,,Cooking Healthy Meals,,it helps us and provides us with what is necessary for our cultivation.,,,"The beautiful thing was seeing my garden and cooking with my organic vegetables, I felt very proud of myself😄",Yes,Yes,"Yes, 13-17 years",Their interest increased,,No,I was busy,More classes,,
2023,Carolina,In-Ground,,Yes,,Yes,Yes,I went to food pantries and received emergency food boxes LESS often,,,,,,,,Yes,Yes,,Yes,Yes,Yes,Yes,No,I was MORE physically active because of the garden,,Workshops to make fruit preserves,,,,,My favorite part is cutting the entire season's harvest,Yes,Yes,"Yeah; Children under 5 years old, Yes, 13-17 years old",Their interest increased,,Yes,,more workshops,,
2023,Angelica,Accessible Raised Bed,,Yes,,Yes,Yes,I went to food pantries and received emergency food boxes LESS often,,,,,,,,Yes,Yes,,Yes,Yes,Yes,No,Yes,I was MORE physically active because of the garden,,about pests,,,,,is learning to eat fresh and organic vegetables,Yes,Yes,No,I don't have children,,Yes,,give us fruit trees,,
2023,Angelica,Accessible Raised Bed,,Yes,,Yes,Yes,I went to food pantries and received emergency food boxes LESS often,,,,,,,,Yes,Yes,,Yes,Yes,Yes,Yes,Yes,I was MORE physically active because of the garden,,how to care for lemons,,,,,harvest lots of vegetables and share,Yes,Yes,No,Their interest increased,,Yes,,give us fruit trees,,
2023,Angelica,In-Ground,,Yes,,Yes,Yes,I went to food pantries and received emergency food boxes LESS often,,,,,,,,Yes,Yes,,Yes,Yes,Yes,Yes,Yes,I was MORE physically active because of the garden,,pest workshop,,All Good,,,watch my vegetables grow,Yes,No,No,I don't have children,,Yes,,I don't know,,
2023,Kathy,Containers,,Yes,,Yes,Yes,I went to food pantries and received emergency food boxes LESS often,,,,,,,,Stayed the same,Yes,,Yes,No,Yes,Yes,Yes,I was MORE physically active because of the garden,,Learn how to grow different vegetables,,,,,Water and care for,Yes,Yes,No,Their interest increased,,No,I never received an invitation,May cc be kinder,,
2023,Carolina,In-Ground,,Yes,,Yes,Yes,I went to food pantries and received emergency food boxes LESS often,,,,,,,,Yes,Yes,,Yes,Yes,Yes,Yes,Yes,I was MORE physically active because of the garden,,Compost,,,,,Share,Yes,No,"Yes, 13-17 years",Their interest increased,,Yes,,I WOULD LIKE TO RECEIVE MORE PLANTS.,,
2023,Isabel,Community Garden,,Yes,,Yes,Yes,I went to food pantries and received emergency food boxes LESS often,,,,,,,,Yes,Yes,,Yes,Yes,Yes,Yes,Yes,I was MORE physically active because of the garden,,HOW TO KEEP MY HARVEST,,"Very close, always willing to answer any question",,,GROWING MY OWN FOOD.,Yes,Yes,No,Their interest increased,,Yes,I was busy,More people interested in learning to harvest,,
2023,Isabel,In-Ground,,Yes,,Yes,Yes,Stay the same as before I had my garden,,,,,,,,Yes,Yes,,Yes,Yes,Yes,No,Yes,I was MORE physically active because of the garden,,How to prepare escabeche,,,,,"Move the earth, sow my seeds and see the fruits",Yes,No,No,Their interest didn't change,,Yes,,Share recipes,,
2023,Isabel,Containers,,Yes,,Yes,Yes,Stay the same as before I had my garden,,,,,,,,Yes,Yes,,No,Yes,Yes,No,Yes,I was MORE physically active because of the garden,,How to make canned vegetables,,I am adopted from Isabel Cruz,,,When the fruit grew,Yes,No,"Yes, 13-17 years",Their interest didn't change,,Yes,,"How to take care of my tomatoes, a plant always makes me 🍅 undone because they grow burned in the middle",,
2023,Camilo,Accessible Raised Bed,,Yes,,Yes,Yes,I went to food pantries and received emergency food boxes LESS often,,,,,,,,Yes,Yes,,Yes,No,Yes,Yes,Yes,I was MORE physically active because of the garden,,I don't have an answer for now,,,,,See how Ivan grows and excitement when seeing the first fruits,Yes,Yes,No,I don't have children,,No,I was busy,More help,,
2023,Isabel,In-Ground,,Yes,Nothing grew,Yes,Yes,I went to food pantries and received emergency food boxes LESS often,,,,,,,,No,Stayed the same,,No,No,No,No,Yes,Stay the same as before I had my garden,,Where we can ask and give a particular and not a general answer,,Giving talks on how to preserve vegetables and plants for longer.,,,Small yellow tomatoes are my favorite,No,No,"Yes, 6-12 years",Their interest didn't change,,No,I was busy,How to use organic b fertilizers.,,
2023,Isabel,In-Ground,,Yes,,Yes,Yes,I went to food pantries and received emergency food boxes LESS often,,,,,,,,Yes,Yes,,Yes,Yes,Yes,Yes,Yes,I was MORE physically active because of the garden,,A workshop of medicinal and theuropetic herbs.,,,,,All.,Yes,Yes,"Yes, 6-12 years",Their interest increased,,Yes,,"Nothing, everything is fine",,
2023,Angelica,In-Ground,,Yes,,Yes,Yes,I went to food pantries and received emergency food boxes LESS often,,,,,,,,Yes,Yes,,Yes,Yes,Yes,Yes,Yes,I was MORE physically active because of the garden,,About irrigation,,,,,"That I was able to reap everything I sowed, everything was achieved",Yes,No,"Yes, 13-17 years",Their interest increased,,Yes,,Let them bear fruit trees,,
2023,Angelica,In-Ground,,Yes,,Yes,Yes,I went to food pantries and received emergency food boxes LESS often,,,,,,,,Yes,Yes,,Yes,Yes,Yes,Yes,Yes,I was MORE physically active because of the garden,,How to water plants and how to use rainwater,,,,,Watch my plantings grow,Yes,No,No,I don't have children,,No,I couldn't attend due to technology reasons.,Topics on how to be successful in what we sow,,
2023,Isabel,Accessible Raised Bed,,Yes,It's not my case,Yes,Yes,I went to food pantries and received emergency food boxes MORE often,,,,,,,,Yes,Yes,,No,Yes,Yes,No,No,I was MORE physically active because of the garden,,How to plant more seasonal vegetables,,Not very good,,,Sow and care well and wait for the harvest,Yes,Yes,No,Their interest increased,,Yes,I never received an invitation,May my coordinator have more communication with me,,
2023,Carolina,In-Ground,,Yes,,Yes,Yes,I went to food pantries and received emergency food boxes LESS often,,,,,,,,Yes,Yes,,Yes,Yes,Yes,Yes,Yes,I was MORE physically active because of the garden,,How to grow all year round,,Not very good,,,I harvested it,Yes,No,"Yes, 13-17 years",Their interest increased,,Yes,,More workshops,,
2023,Carolina,In-Ground,,Yes,,Yes,Yes,I went to food pantries and received emergency food boxes LESS often,,,,,,,,Yes,Yes,,Yes,Yes,Yes,Yes,Yes,I was MORE physically active because of the garden,,I would like to harvest more vegetables in the winter,,,,,When we harvest the first tomatoes,Yes,No,"Yes, 13-17 years",Their interest increased,,No,I never received an invitation,More workshops,,
2023,Camilo,In-Ground,,Yes,,Yes,Yes,I went to food pantries and received emergency food boxes LESS often,,,,,,,,Yes,Yes,,Yes,Yes,Yes,Yes,Yes,I was MORE physically active because of the garden,,I would like to know how to can,,,,,Plant,Yes,No,"Yes, 13-17 years",Their interest increased,,No,I never received an invitation,More classes,,
2023,Angelica,In-Ground,,Yes,,Yes,Yes,I went to food pantries and received emergency food boxes MORE often,,,,,,,,Yes,Yes,,Yes,Yes,Yes,Yes,Yes,I was MORE physically active because of the garden,,In the future I would like when I have to plant the cucumbers,,,,,When we plant cucumbers,Yes,Yes,No,Their interest increased,,Yes,I couldn't attend due to technology reasons.,Nothing more than that my garden is in a pot,,
2023,Angelica,Containers,,Yes,,Yes,Yes,Stay the same as before I had my garden,,,,,,,,Yes,Stayed the same,,No,No,No,No,Yes,I was MORE physically active because of the garden,,I do not know yet,,,,,Tomato and Chile,Yes,No,"Yes, 6-12 years",Their interest increased,,No,I was busy,Pests,,
2023,Angelica,In-Ground,,Yes,,Yes,Yes,Stay the same as before I had my garden,,,,,,,,Yes,Yes,,Yes,No,Yes,No,Not sure,I was MORE physically active because of the garden,,Preservation of fruits and vegetables,,Keep sending emails,,,Harvest with my children,Yes,Yes,"Yeah; Under 5 years old, Yes, 6-12 years old, Yes, 13-17 years old",Their interest increased,,Yes,,Let other colleagues participate more,,
2023,Angelica,In-Ground,,Yes,,Yes,Yes,I went to food pantries and received emergency food boxes LESS often,,,,,,,,Yes,Yes,,Yes,Yes,Yes,Yes,Yes,I was MORE physically active because of the garden,,How to freeze vegetables more,,She was very helpful,,,Watch my vegetables grow and harvest,Yes,Yes,"Yes, 6-12 years",Their interest increased,,Yes,,More potting soil and more tools,,
2023,Angelica,Accessible Raised Bed,,Yes,,Yes,Yes,Stay the same as before I had my garden,,,,,,,,Stayed the same,Stayed the same,,Yes,Yes,Yes,Yes,Yes,I was MORE physically active because of the garden,,In planting some of the vegetables,,Very cordial,,,Picking the vegetables,Yes,No,"Yes, 6-12 years",Their interest increased,,Yes,,More variety of vegetable plants.,,
2023,Angelica,Containers,,Yes,,Yes,Yes,I went to food pantries and received emergency food boxes LESS often,,,,,,,,Yes,Yes,,Yes,No,Yes,Yes,Yes,I was MORE physically active because of the garden,,Anything related to the harvest,,,,,Like watching my own garden grow.,Yes,No,"Yes, 6-12 years, Yes, 13-17 years",Their interest didn't change,,No,I never received an invitation,Testing,,
2023,Isabel,In-Ground,,Yes,I didn't enjoy farming,Yes,Yes,I went to food pantries and received emergency food boxes LESS often,,,,,,,,No,Yes,,Yes,Yes,Yes,Yes,Yes,I have been LESS active as a result of my garden,,No,,Angelica is very kind,,,Testing,Yes,Yes,"Yes, 13-17 years",Their interest increased,,Yes,I couldn't attend due to technology reasons.,na,,
2023,Angelica,In-Ground,,Yes,,Yes,Stayed the same,Stay the same as before I had my garden,,,,,,,,Yes,Yes,,Yes,No,Not sure,Yes,Yes,I was MORE physically active because of the garden,,About garden,,she has taught me a lot,,,Take care of them,Yes,No,"Yes, 13-17 years",Their interest didn't change,,No,I was busy,I would like you to make me another box for more vegetables,,
2023,Kathy,Accessible Raised Bed,,Yes,,Yes,Yes,I went to food pantries and received emergency food boxes LESS often,,,,,,,,Yes,Yes,,Yes,No,Yes,Yes,Yes,I was MORE physically active because of the garden,,"I am interested, when to start centering chili seeds.",,She is very communicative and friendly.,,,Watering my garden with my grandchildren,Yes,Yes,"Yes, 6-12 years",Their interest increased,,Yes,,"That they could teach us how to collect rainwater, and get barrels for water.",,
2023,Angelica,Accessible Raised Bed,,Yes,,Yes,Yes,I went to food pantries and received emergency food boxes LESS often,,,,,,,,Yes,Yes,,Yes,Yes,Yes,Yes,Yes,I was MORE physically active because of the garden,,A workshop on preserving vegetables in glass jars would be very good,,,,,Sharing time and working together cleaning the garden and harvesting,Yes,No,"Yes, 13-17 years",Their interest increased,,Yes,,"This year they did not share boxes with egg oil, they only shared vegetables, the oil was avocado, the egg is organic",,
2023,Isabel,Community Garden,,Yes,,Yes,Yes,I went to food pantries and received emergency food boxes MORE often,,,,,,,,Yes,Yes,,No,Yes,No,Yes,Yes,I was MORE physically active because of the garden,,Have a workshop directly in a garden,,,,,I had a good harvest,Yes,Yes,"Yes, 6-12 years",Their interest increased,,Yes,,Have a workshop in a garden,,
2023,Isabel,Containers,,Yes,,Yes,Yes,I went to food pantries and received emergency food boxes MORE often,,,,,,,,Yes,Yes,,No,Yes,Yes,Yes,Yes,I was MORE physically active because of the garden,,All workshops are good,,She's kind,,,This year I had a good harvest,Yes,Yes,"Yes, 6-12 years",Their interest increased,,Yes,,"Real, more direct help for participants",,
2023,Isabel,In-Ground,,Yes,Nothing grew,No,Stayed the same,Stay the same as before I had my garden,,,,,,,,Stayed the same,Stayed the same,,No,No,No,No,Yes,Stay the same as before I had my garden,,"About the land, how can we help the land more so that it produces good fruit?",,,,,The hope of what would bear fruit,Yes,No,"Yes, 6-12 years",Their interest didn't change,,No,I was busy,A class in the garden,,
2023,Isabel,Community Garden,,Yes,,Yes,Yes,I went to food pantries and received emergency food boxes LESS often,,,,,,,,Yes,Yes,,No,Yes,Yes,Yes,Yes,I was MORE physically active because of the garden,,The workshops they give are very good,,,,,When I had to grow my vegetables,Yes,Yes,"Yes, 6-12 years",Their interest increased,,Yes,,"How to make cleaning liquids with aromatic herbs,
Or essential oil for the body",,
2023,Isabel,In-Ground,,Yes,,Yes,Yes,I went to food pantries and received emergency food boxes LESS often,,,,,,,,Yes,Stayed the same,,Yes,No,Yes,Not sure,Not sure,I was MORE physically active because of the garden,,Whichever one you want because I don't have much knowledge,,"Well, let him motivate us more, call us more often.",,,"What we ate, a lot of tomatoes since we like quite a few in the house.",Yes,Yes,"Yes, 6-12 years, Yes, 13-17 years",Their interest didn't change,,Yes,,More workshops.,,
2023,Isabel,Containers,,Yes,,Yes,Yes,Stay the same as before I had my garden,,,,,,,,Yes,Yes,,No,Yes,Yes,Yes,Yes,I was MORE physically active because of the garden,,They were all very complete.,,Being more in communication motivates me,,,I was more motivated.,Yes,Yes,No,Their interest increased,,Yes,,Let Isabel call me. White,,
2023,Isabel,In-Ground,,Yes,,Yes,Stayed the same,Stay the same as before I had my garden,,,,,,,,Yes,Yes,,No,Yes,No,Yes,Yes,I was MORE physically active because of the garden,,Tayeres that have been given are good to be more in cunu,,to grow my tomatoes and tomotillos,,,I get motivated,Yes,Yes,"Yes, 13-17 years",Their interest increased,,Yes,,The workshops are good,,
2023,Isabel,In-Ground,,Yes,,Yes,Yes,Stay the same as before I had my garden,,,,,,,,Yes,Yes,,No,Yes,No,Yes,Yes,I was MORE physically active because of the garden,,The tayeres they give are good,,"My relationship is very close to her, I liked everything",,,Being able to eat healthier,Yes,Yes,"Yes, 13-17 years",Their interest increased,,Yes,,"More classes, I would like to know how to can vegetables.",,
2023,Isabel,In-Ground,,Yes,,Yes,Yes,I went to food pantries and received emergency food boxes LESS often,,,,,,,,Yes,Yes,,Yes,Yes,Yes,Yes,Yes,I was MORE physically active because of the garden,,I would like classes on how to prepare oils or remedies that can be cooked.,,et me do more workshops.,,,I like all.,Yes,Yes,"Yes, 6-12 years, Yes, 13-17 years",Their interest increased,,Yes,,More workshops.,,
2023,Isabel,In-Ground,,Yes,,Yes,Yes,I went to food pantries and received emergency food boxes LESS often,,,,,,,,Yes,Yes,,Yes,Yes,Yes,Yes,Yes,I was MORE physically active because of the garden,,I would like to learn how to make oils.,,,,,I was more motivated.,Yes,Yes,"Yes, 6-12 years, Yes, 13-17 years",Their interest increased,,Yes,,More classes,,
2023,Isabel,In-Ground,,Yes,,Yes,Yes,I went to food pantries and received emergency food boxes LESS often,,,,,,,,Yes,Yes,,No,No,Yes,No,Yes,I was MORE physically active because of the garden,,How to make fruit preserves,,She is very willing.,,,My therapy and my self-esteem boost,Yes,Yes,"Yes, 13-17 years",Their interest didn't change,,Yes,,Canning classes.,,
2023,Isabel,In-Ground,,Yes,,Yes,Yes,I went to food pantries and received emergency food boxes LESS often,,,,,,,,Yes,Yes,,Yes,Yes,Yes,Yes,Yes,I was MORE physically active because of the garden,,I would like workshops on how to make oils and remedies that can be stored for a long period of time.,,"she is a person who ensures that the group understands the issues of planting and harvesting, she gives tools, plants and seeds to grow a healthy garden.",,,All.,Yes,Yes,"Yes, 6-12 years, Yes, 13-17 years",Their interest increased,,Yes,,How to plant fruit trees in pots and different plants than those grown this year.,,
2023,Isabel,Accessible Raised Bed,,Yes,,Yes,Yes,I went to food pantries and received emergency food boxes LESS often,,,,,,,,Yes,Yes,,Yes,No,Yes,Yes,Yes,I was MORE physically active because of the garden,,how to plant and grow sweet potato,,"Very good, she always helps me a lot",,,Collecting the vegetables and putting them in suitable containers to use them at the right time and save money on buying expensive store products and from my garden are consumed fresh.,Yes,Yes,"Yes, 6-12 years, Yes, 13-17 years",Their interest increased,,Yes,,I don't know,,
2023,Carolina,Containers,,Yes,,Yes,Yes,I went to food pantries and received emergency food boxes LESS often,,,,,,,,Yes,Yes,,Yes,No,Yes,No,Yes,I was MORE physically active because of the garden,,I don't know,,,,,My 5 year old daughter learned a lot,Yes,Yes,Yeah; Children under 5 years,Their interest increased,,No,I was busy,I do not know yet,,
2023,Isabel,In-Ground,,Yes,,Yes,Yes,I went to food pantries and received emergency food boxes LESS often,,,,,,,,Yes,Yes,,Yes,Yes,Yes,Yes,Yes,I was MORE physically active because of the garden,,I do not know yet,,"Very nice, Isa is very kind and communicates very well",,,Raise the harvest,Yes,Yes,Yeah; Children under 5 years,Their interest increased,,Yes,,Community garden,,
2023,Isabel,In-Ground,,Yes,,Yes,Yes,I went to food pantries and received emergency food boxes LESS often,,,,,,,,Stayed the same,Stayed the same,,Yes,Yes,Yes,Yes,Yes,I was MORE physically active because of the garden,,Growing and cooking techniques,,Very good and friendly,,,outside,Yes,Yes,"Yes, 6-12 years",Their interest increased,,No,I was busy,Recipes for the foods we grow,,
2023,Isabel,Containers,,Yes,,Yes,Yes,I went to food pantries and received emergency food boxes LESS often,,,,,,,,Yes,Yes,,Yes,Yes,Yes,Yes,Yes,I was MORE physically active because of the garden,,Garden food recipes,,"Excellent at communicating more, call me more often.",,,My health,Yes,Yes,"Yes, 13-17 years",Their interest increased,,Yes,,Send me delicious recipes.,,
2023,Isabel,In-Ground,,Yes,,Yes,Yes,I went to food pantries and received emergency food boxes LESS often,,,,,,,,Yes,Yes,,Yes,Yes,Yes,Yes,Yes,I was MORE physically active because of the garden,,I want to learn more about how to grow my vegetables.,,,,,Of me going to harvest.,Yes,Yes,"Yeah; Under 5 years old, Yes, 6-12 years old, Yes, 13-17 years old",Their interest didn't change,,Yes,,Send me healthy food recipes,,
2023,Isabel,Accessible Raised Bed,,Yes,,Yes,Yes,I went to food pantries and received emergency food boxes LESS often,,,,,,,,Yes,Yes,,Yes,Yes,Yes,Yes,Yes,I was MORE physically active because of the garden,,I would love to know how to package my vegetables.,,,,,I am very excited when I see the first fruits of my work.,Yes,Yes,No,I don't have children,,No,I was busy,More workshops.,,
2023,Isabel,Lead Free Bed,,Yes,,Yes,Yes,I went to food pantries and received emergency food boxes LESS often,,,,,,,,Yes,Stayed the same,,Yes,Yes,Yes,Yes,Yes,I was MORE physically active because of the garden,,Healthy food workshops.,,,,,Raise my harvest.,Yes,Yes,No,I don't have children,,Yes,,N/a,,
2023,Isabel,In-Ground,,Yes,,Yes,Yes,Stay the same as before I had my garden,,,,,,,,Stayed the same,Yes,,Yes,No,Yes,Yes,Yes,I was MORE physically active because of the garden,,How to store in brine,,,,,Seeing the plants grow and the good knowledge of my organizer,Yes,Yes,"Yes, 6-12 years",Their interest increased,,No,I was busy,More vegetables and more fruits,,
2023,Isabel,In-Ground,,Yes,If you enjoy,Yes,Yes,Stay the same as before I had my garden,,,,,,,,No,No,,No,No,No,No,No,Stay the same as before I had my garden,,I would like to know how to ingest lemon plants because I find it interesting.,,My relationship with Mrs. Isabel is that of a friend. She helps me with everything.,,,Dad's little eyes,Yes,No,No,I don't have children,,No,I never received an invitation,"Let all the people, who have their plot, work helping to clean, because we all benefit from everything we harvest.",,
2023,Isabel,Community Garden,,Yes,,Yes,Yes,I went to food pantries and received emergency food boxes LESS often,,,,,,,,Yes,Yes,,Yes,Yes,Yes,Yes,No,I was MORE physically active because of the garden,,"Learn more about other types of plants, what benefits they have and plant them in the garden.",,,,,"The flowers, very beautiful, the pumpkins.",Yes,Yes,"Yes, 6-12 years",Their interest increased,,Yes,,How to learn to sow the seed,,
2023,Camilo,Lead Free Bed,,Yes,,Yes,Yes,I went to food pantries and received emergency food boxes LESS often,,,,,,,,Yes,Yes,,Yes,Yes,Yes,Yes,Yes,I was MORE physically active because of the garden,,Any workshop where you can learn something different,,Informing me of all the help,,,cutting fruit,Yes,Yes,"Yes, 6-12 years",Their interest increased,,Yes,,More help,,
2023,Angelica,Containers,,Yes,,Yes,Yes,I went to food pantries and received emergency food boxes LESS often,,,,,,,,Yes,Yes,,Yes,No,Yes,No,Yes,I was MORE physically active because of the garden,,How to put the plants,,,,,"See Grow my plants""",Yes,Yes,"Yes, 6-12 years",Their interest increased,,Yes,,"More variety like garlic, onions, papalos, avas!",,
2023,Camilo,Lead Free Bed,,Yes,I didn't enjoy farming,No,Yes,I went to food pantries and received emergency food boxes MORE often,,,,,,,,Yes,Yes,,Yes,Yes,Yes,Yes,Yes,I was MORE physically active because of the garden,,The ones there are,,"I like him very much, he supports me a lot.",,,relax,Yes,No,No,Their interest increased,,No,I never received an invitation,More workshops to learn more.,,
2023,Isabel,In-Ground,,Yes,,Yes,Yes,I went to food pantries and received emergency food boxes LESS often,,,,,,,,Yes,Yes,,Yes,Yes,Yes,Yes,Yes,I was MORE physically active because of the garden,,I'm waiting for the creams and oils.,,"Friendly, reliable and very communicative.",,,Grow my tomatoes.,Yes,Yes,No,I don't have children,,Yes,,More variety of seeds.,,
2023,Angelica,Community Garden,,Yes,,Yes,Yes,I went to food pantries and received emergency food boxes LESS often,,,,,,,,Yes,Yes,,Yes,Yes,Yes,Yes,Yes,I was MORE physically active because of the garden,,How to scare away rodents from eating vegetables.,,,,,Harvest,Yes,No,"Yes, 6-12 years, Yes, 13-17 years",Their interest increased,,Yes,,that bear fruit trees,,
2023,Angelica,Accessible Raised Bed,,Yes,,Yes,Yes,I went to food pantries and received emergency food boxes LESS often,,,,,,,,Yes,Yes,,Yes,Yes,Yes,Yes,Yes,I was MORE physically active because of the garden,,About how to water plants and fertilize them,,,,,May everything you sow be achieved,Yes,No,No,I don't have children,,Yes,,"nothing, everything is fine",,
2023,Angelica,In-Ground,,No,I moved from home,Yes,Yes,I went to food pantries and received emergency food boxes LESS often,,,,,,,,Yes,Yes,,No,Yes,No,No,Yes,I was MORE physically active because of the garden,,How to grow vegetables in small spaces,,but I would like to have more invitations to learning workshops,,,I had to grow in pots and it is not the same,Yes,Yes,Yeah; Children under 5 years,Their interest increased,,No,I couldn't attend due to technology reasons.,How to water efficiently to save water.,,
2023,Angelica,In-Ground,,Yes,,Yes,Yes,I went to food pantries and received emergency food boxes LESS often,,,,,,,,Yes,Yes,,Yes,Yes,Yes,Yes,Yes,I was MORE physically active because of the garden,,"How to grow broccoli, celery and other plants.",,,,,The time to gather the harvest,Yes,No,No,I don't have children,,Yes,,that offered fruit trees,,
2023,Angelica,Containers,,Yes,,Yes,Yes,I went to food pantries and received emergency food boxes LESS often,,,,,,,,Yes,Yes,,Yes,Yes,Yes,Yes,Yes,I was MORE physically active because of the garden,,pest workshop,,,,,harvest many chilies,Yes,No,"Yes, 6-12 years",Their interest increased,,Yes,,Who gives us more tomatoes but Rome,,
2023,Angelica,Containers,,Yes,,Yes,Yes,I went to food pantries and received emergency food boxes LESS often,,,,,,,,Yes,Yes,,Yes,Yes,Yes,Yes,Yes,I was MORE physically active because of the garden,,a workshop on how to ingest trees,,,,,that I ate cucumbers and tomatoes,Yes,No,Yeah; Children under 5 years,Their interest increased,,Yes,,to distribute the plants sooner,,
2023,Angelica,Community Garden,,Yes,,Yes,Yes,I went to food pantries and received emergency food boxes LESS often,,,,,,,,Yes,Yes,,Yes,Yes,Yes,Yes,Yes,I was MORE physically active because of the garden,,how to fertilize plants,,,,,that I grow my own organic vegetables [I loved that,Yes,No,Yeah; Children under 5 years,Their interest increased,,No,I was busy,n/a,,
2023,Angelica,In-Ground,,No,for a family loss,Yes,Stayed the same,Stay the same as before I had my garden,,,,,,,,Stayed the same,Stayed the same,,No,No,No,No,No,Stay the same as before I had my garden,,At the moment I don't want to talk about that,,,,,n/a,No,Yes,"Yes, 13-17 years old, No",Their interest didn't change,,No,I was busy,the plants sooner,,
2023,Angelica,In-Ground,,Yes,,Yes,Yes,I went to food pantries and received emergency food boxes LESS often,,,,,,,,Yes,Yes,,Yes,Yes,Yes,Yes,Yes,I was MORE physically active because of the garden,,How to prune trees,,,,,eat fresh and organic vegetables,Yes,No,No,I don't have children,,No,I was busy,More people participating.,,
2023,Angelica,In-Ground,,Yes,,Yes,Yes,I went to food pantries and received emergency food boxes LESS often,,,,,,,,Yes,Yes,,Yes,Yes,Yes,Yes,Yes,I was MORE physically active because of the garden,,Pest prevention workshops,,They’re doing more than enough and being awesome!,,,Have a successful production.,Yes,No,"Yes, 6-12 years",Their interest increased,,Yes,,They’re doing it all,,
2023,Cat,In-Ground,,Yes,,No,Yes,I went to food pantries and received emergency food boxes LESS often,,,,,,,,Yes,Yes,,Yes,Yes,Yes,Yes,Yes,I was MORE physically active because of the garden,,"How to care for food and flowers in the garden, how to keep pests away, how to water properly, troubleshooting issues, etc.",,N/A,,,"Seeing the garden bed install, seeing tomatoes, cucumbers and peppers come to life after we started them from seed!",No,Yes,"Yes, Age 6-12",Their interest increased,,No,I never received an invite to a workshop,N/A,,
2023,Cat,In-Ground,,Yes,,Yes,Yes,I went to food pantries and received emergency food boxes LESS often,,,,,,,,Yes,Stayed the same,,No,No,Yes,Yes,Not sure,I was MORE physically active because of the garden,,How to take care of plants,,My community organizer has been wonderful and has offered a lot of support.,,,I love the whole experince,No,Yes,"Yes; Under 5, Yes, Age 6-12",Their interest increased,,No,I was too busy to attend,I am open to all programming. It has really benefited me and my family and our access to healthy food.,,
2023,Cat,In-Ground,,Yes,,Yes,Yes,I went to food pantries and received emergency food boxes LESS often,,,,,,,,Yes,Yes,,Yes,Yes,Yes,Yes,Yes,I was MORE physically active because of the garden,,"More workshops on caring for your garden, more workshops on the best ways to store produce from your garden, healthy easy recipes and how to prevent bugs/animals/etc from coming into your garden and eating the produce.",,Do not know,,,"Being more active, spending more time outdoors, teaching my daughter what I learned and seeing my produce grow and be able to give my family healthier meals with them.",Yes,Yes,"Yes, Age 13-17",Their interest increased,,Yes,,Help me to save my plants and garden from winter and freeze them,,
2023,Kathy,Accessible Raised Bed,,Yes,,Yes,Yes,Stay the same as before I had my garden,,,,,,,,Yes,Yes,,Yes,No,Yes,Yes,Yes,I was MORE physically active because of the garden,,I am not sure,,I believe that my community organizer already does a great job supporting me so I would suggest anything else,,,When I saw the plant growing,Yes,No,"Yes; Under 5, Yes, Age 6-12",Their interest increased,,No,I was too busy to attend,More seed options,,
2023,Kathy,In-Ground,,Yes,,Yes,Yes,I went to food pantries and received emergency food boxes LESS often,,,,,,,,Yes,Yes,,Yes,Yes,Yes,No,Yes,I was MORE physically active because of the garden,,In person to learn more about planting,,Isabel is amazing,,,Getting my hands dirty and watching my kids enjoy picking the veggies we grew,Yes,No,"Yes; Under 5, Yes, Age 6-12",Their interest increased,,No,I never received an invite to a workshop,Children activities,,
2023,Isabel,Containers,,No,Joined late in the year,Yes,Yes,I went to food pantries and received emergency food boxes LESS often,,,,,,,,Yes,Yes,,Yes,No,Yes,Yes,Yes,I was MORE physically active because of the garden,,Canning workshops,,She’s very great and supportive in any ways I need.,,,Talking to my plants,No,Yes,"Yes; Under 5, Yes, Age 6-12",Their interest increased,,No,I was too busy to attend,Add more veggies and fruits.,,
2023,Kathy,Accessible Raised Bed,,Yes,,Yes,Yes,I went to food pantries and received emergency food boxes LESS often,,,,,,,,Yes,Yes,,Yes,No,Yes,Yes,Yes,I was MORE physically active because of the garden,,Growing more variety veggies and fruits at the the right way.,,I think she is doing a great job.,,,Everything and growing and getting the veggies from my garden.,Yes,Yes,"Yes; Under 5, Yes, Age 6-12",Their interest increased,,No,"I was unable to attend for technological reasons, I was too busy to attend",Help with better beds for for the plants,,
2023,Angelica,In-Ground,,Yes,,Yes,Stayed the same,I went to food pantries and received emergency food boxes LESS often,,,,,,,,Yes,Stayed the same,,Yes,Yes,Yes,Yes,Yes,I was MORE physically active because of the garden,,I really don't know,,test,,,Enjoying the time with my kids and mother nature,No,No,"Yes, Age 6-12",Their interest increased,,Yes,,test,,
2023,Shireen,Community Garden,,No,Did not enjoy gardening,Yes,No,I went to food pantries and received emergency food boxes MORE often,,,,,,,,Yes,Yes,,Yes,Yes,Yes,Yes,Yes,I was MORE physically active because of the garden,,tesst,,Just being more of aware of our needs,,,test,No,Yes,"Yes, Age 13-17",Their interest increased,,Yes,I was unable to attend for technological reasons,Not sure,,
2023,Camilo,In-Ground,,Yes,,Yes,Yes,I went to food pantries and received emergency food boxes MORE often,,,,,,,,Yes,Stayed the same,,Yes,Yes,Yes,Yes,Yes,I was MORE physically active because of the garden,,Beginning Gardening,,"help identify produce, im not sure what they named by looking at them",,,Everything,Yes,Yes,No,I don't have children,,Yes,,learn to identify produce,,
2023,Isabel,Accessible Raised Bed,,Yes,,Yes,Stayed the same,Stay the same as before I had my garden,,,,,,,,Stayed the same,Stayed the same,,No,No,Yes,No,Yes,Stay the same as before I had my garden,,"benefits of produced we received, how to cook or best way to eat produce",,Nothing. She’s always helpful,,,that it stayed alive,Yes,Yes,"Yes; Under 5, Yes, Age 6-12",Their interest increased,,No,out of town,Bring back fruit trees,,
2023,Angelica,In-Ground,,Yes,,Yes,Yes,Stay the same as before I had my garden,,,,,,,,Yes,Yes,,Yes,Yes,Yes,Yes,Yes,I was MORE physically active because of the garden,,Winter gardening and working with native soil,,"Nothing really, she was always helpful and kind",,,Eating something I grew myself,Yes,No,No,I don't have children,,Yes,,Hopefully we are able to get fruit trees,,
2023,Angelica,In-Ground,,Yes,,Yes,Yes,Stay the same as before I had my garden,,,,,,,,Yes,Yes,,Yes,Yes,Yes,Yes,Yes,I was MORE physically active because of the garden,,Winter gardening and working with native plants,,I believe she is doing a good job already,,,Eating something I grew myself and being able to share with others,Yes,No,No,I don't have children,,Yes,,More fruit starters,,
2023,Cat,Containers,,Yes,,Yes,Yes,Stay the same as before I had my garden,,,,,,,,Yes,Yes,,Yes,Yes,Yes,No,Yes,I was MORE physically active because of the garden,,Learn more growing skills,,No comments,,,Spending time with the kids,Yes,No,"Yes; Under 5, Yes, Age 6-12, Yes, Age 13-17",Their interest increased,,No,I was unable to attend for technological reasons,More support,,
2023,Camilo,In-Ground,,Yes,,Yes,Yes,Stay the same as before I had my garden,,,,,,,,Yes,Yes,,No,No,Yes,Yes,Yes,I was MORE physically active because of the garden,,How to clean garden after offseason,,Don’t know,,,Harvest,Yes,No,"Yes, Age 6-12",Their interest increased,,No,I never received an invite to a workshop,Don’t know,,
2023,Gabi,Containers,,Yes,,Yes,Yes,Stay the same as before I had my garden,,,,,,,,Yes,Stayed the same,,Yes,No,Yes,No,No,I was MORE physically active because of the garden,,Don’t know,,"I didn’t get time to schedule a follow up and I wish I would have, but that was my fault",,,Watching them grow and eating them,Yes,No,No,I don't have children,,No,I was too busy to attend,Specific timing for planting and harvest based on plants picked out,,
2023,Gabi,In-Ground,,Yes,,Yes,Yes,Stay the same as before I had my garden,,,,,,,,Yes,Yes,,Yes,No,Yes,Yes,Yes,I was MORE physically active because of the garden,,"When to plant, when to harvest!",,"Resources for more compost/soil amendments, more plants.",,,The planting!,Yes,No,"Yes, Age 6-12",Their interest increased,,No,I never received an invite to a workshop,"Tools I could use, resources for trees",,
2023,Gabi,In-Ground,,Yes,,No,Yes,I went to food pantries and received emergency food boxes LESS often,,,,,,,,Yes,Yes,,Yes,Yes,Yes,Yes,Yes,I was MORE physically active because of the garden,,"Mushroom class, tips & tricks to starting plants",,It’s great,,,Watching it grow then harvesting my crops,No,No,No,I don't have children,,No,I never received an invite to a workshop,Provide more sooil,,
2023,Kathy,In-Ground,,Yes,,Yes,Yes,I went to food pantries and received emergency food boxes LESS often,,,,,,,,Yes,Yes,,Yes,No,Yes,No,Yes,I was MORE physically active because of the garden,,Different tips on gardening,,Gabi is great!,,,Watching them grow,Yes,No,"Yes; Under 5, Yes, Age 6-12",Their interest increased,,No,I was unable to attend for technological reasons,I don't know,,
2023,Gabi,Accessible Raised Bed,,Yes,,No,Yes,Stay the same as before I had my garden,,,,,,,,Yes,Yes,,Yes,No,Not sure,No,Yes,Stay the same as before I had my garden,,"Composting, Seed harvesting/ storing seeds and Canning.",,A digital copy of the book would be nice.,,,"Being outside, talking to my plants. Listening and watching the bees work. It's really cool that I get to feed my family from ""farm to table""",No,Yes,Yes; Under 5,Their interest increased,,No,I never received an invite to a workshop,Not sure/I would like to have a raised bed.,,
2023,Tammi,In-Ground,,Yes,,Yes,Stayed the same,Stay the same as before I had my garden,,,,,,,,Yes,Stayed the same,,Yes,No,No,No,Yes,I was MORE physically active because of the garden,,Anything that will help our garden be more successful next year.,,"Checking in periodically, new seeds/plants available",,,Seeing things grow and planting.,Yes,No,"Yes, Age 6-12",Their interest increased,,No,I was too busy to attend,More event notifications about gardening,,
2023,ShaToya,In-Ground,,Yes,,Yes,Yes,Stay the same as before I had my garden,,,,,,,,Yes,Stayed the same,,No,No,Yes,Yes,Yes,I was MORE physically active because of the garden,,Climate control for gardening,,She is doing a good job that better than I expected.,,,"Planting, watching the growing and enjoying what I’ve grown",Yes,No,"Yes, Age 13-17",Their interest increased,,No,Transportation,"More workshops, videos or getting together or sharing groups.",,
2023,Gabi,Accessible Raised Bed,,Yes,,Yes,No,I went to food pantries and received emergency food boxes LESS often,,,,,,,,Yes,Yes,,Yes,No,Yes,Yes,Yes,I was MORE physically active because of the garden,,Any kind of work shops,,checking in 1-2 more times over the year,,,Growing all the vegetables and eating them. I know there are fresh and no chemicals in them.,Yes,Yes,No,Their interest increased,,Yes,,provide info or a workshop on how to cook and preserve the harvest,,
2023,Cat,In-Ground,,Yes,,Yes,Stayed the same,Stay the same as before I had my garden,,,,,,,,Yes,Yes,,Yes,No,Yes,Yes,Yes,Stay the same as before I had my garden,,"cooking class to use the vegetables I'm not as familiar with; how to preserve the abundance (mainly freezing, unless you can make canning seem easy!)",,More workshops,,,"planning, picking out starts/seeds, seeing the green from the window, watching the buds form and fruits follow, then eating and sharing the abundance with others",Yes,No,"Yes, Age 6-12",Their interest increased,,Yes,"I was too busy to attend, schedule conflict with the second date. Glad I was able to attend the first.",I don't know,,
2023,Tammi,In-Ground,,Yes,,Yes,Yes,I went to food pantries and received emergency food boxes LESS often,,,,,,,,Yes,Yes,,Yes,Yes,Yes,No,Yes,I was MORE physically active because of the garden,,I don't know,,more of a individual check up instead of mass text.,,,Growing a canteloupe,Yes,No,No,I don't have children,,Yes,,"more community together, bring extra veggies to do a veggie swap.",,
2023,Isabel,Accessible Raised Bed,,Yes,"Nothing grew, hard to start with seeds",Yes,Stayed the same,Stay the same as before I had my garden,,,,,,,,Stayed the same,Stayed the same,,No,No,Yes,No,No,Stay the same as before I had my garden,,"how to prep for winter, how to maintain a garden once they are planted.",,N/A,,,being outside,Yes,Yes,"Yes; Under 5, Yes, Age 6-12",Their interest increased,,No,I was too busy to attend,N/A,,
2023,Shireen,Containers,,Yes,I enjoyed it!,Yes,Stayed the same,Stay the same as before I had my garden,,,,,,,,Yes,Stayed the same,,No,No,No,No,Yes,I was MORE physically active because of the garden,,N/A,,More communication,,,Therapeutic after work activitie,Yes,No,"Yes, Age 6-12",Their interest didn't change,,No,I was too busy to attend,Expanding the programs,,
2023,Tammi,Accessible Raised Bed,,Yes,,Yes,Yes,Stay the same as before I had my garden,,,,,,,,Yes,Stayed the same,,No,No,Yes,No,Yes,I was MORE physically active because of the garden,,Gaining skills and growing vegetables,,?,,,Spending time gardening with family,Yes,No,"Yes, Age 13-17",Their interest increased,,Yes,,?,,
2023,Isabel,Accessible Raised Bed,,Yes,,Yes,Yes,Stay the same as before I had my garden,,,,,,,,Yes,Stayed the same,,Yes,Yes,Yes,No,Yes,Stay the same as before I had my garden,,Trellis building,,Send more hands on events,,,Eating what I grow,Yes,No,No,I don't have children,,Yes,,No to sure what else you do,,
2023,Tammi,Accessible Raised Bed,,Yes,,Yes,Yes,Stay the same as before I had my garden,,,,,,,,Yes,Yes,,Not sure,Not sure,Not sure,Not sure,Not sure,I was MORE physically active because of the garden,,N/A,,"I had a switch in folks between, so I still haven’t met my new organizer in person",,,Enjoyed Fruits of my labor,No,No,"Yes, Age 6-12",Their interest didn't change,,Yes,,I wouldn’t mind helping another neighbor in their garden and Vice versa,,
2023,Tammi,Containers,,Yes,,Yes,Yes,Stay the same as before I had my garden,,,,,,,,Yes,Stayed the same,,Not sure,Yes,Yes,No,Yes,I was MORE physically active because of the garden,,Understanding plant care beyond planting,,Not sure,,,Feeling like I finally have a plan for my yard,No,No,No,I don't have children,,Yes,I was too busy to attend,Not sure,,
2023,Gabi,Containers,,Yes,,Yes,Yes,Stay the same as before I had my garden,,,,,,,,Yes,Stayed the same,,Yes,No,Yes,No,Not sure,Stay the same as before I had my garden,,Not sure,,We never got the tools needed to successfully garden.,,,Eating the veggies and fruits,Yes,No,No,I don't have children,,No,I was too busy to attend,Follow through,,
2023,Cat,Containers,,Yes,,No,Stayed the same,Stay the same as before I had my garden,,,,,,,,Stayed the same,Stayed the same,,No,No,No,No,No,Stay the same as before I had my garden,,More hands on,,,,,Would like to try again,No,No,"Yes, Age 6-12, Yes, Age 13-17",Their interest didn't change,,No,"I never received an invite to a workshop, I was unable to attend for technological reasons",,,
2022,Angelica (East Portland/Gresham),Containers,,Yes,,Yes,Stayed the same,Stay the same as before I had my garden,,,,,,,,Yes,Stayed the same,,Yes,Yes,Yes,Yes,Yes,Stay the same as before I had my garden,We didn't have many tomatoes this year. Event though we planted couples of plant as well cucumbers and peppers.,Preserve foods.,,"Great, Keep doing her great job. ",,,Spent time there.,Yes,No,"Yes, Age 6-12",Their interest increased,"Alice Ott, Arthur Academy",Yes,,,No,
2022,Gabi (North Clackamas),High Raised Bed (2ft tall),,Yes,,No,Stayed the same,I went to food pantries and received emergency food boxes LESS often,,,,,,,,Yes,Stayed the same,,Yes,Yes,Yes,No,Yes,I was MORE physically active because of the garden,"grew tomatoes, tomatillos, lettuce, kale, chard, peppers, challenges - eggplants didn't produce, got nothing from my squash,","growing mushrooms, growing blueberries, grapes, other berries",,"Needs Improvement, More food boxes, more and quicker response to questions",,,free food,Yes,Yes,No,I don't have children,,Yes,,,Yes,
2022,Gabi (North Clackamas),In-Ground/Mounded Earth,,Yes,,Yes,Stayed the same,Stay the same as before I had my garden,,,,,,,,Yes,Stayed the same,,Yes,No,No,No,Yes,Stay the same as before I had my garden,Clover was a success,N/A,,"Great, She did wonderful ",,,Receiving free dirt ,Yes,No,"Yes, Age 6-12",Their interest didn't change,Redland,No,I was too busy to attend,,No,
2022,Gabi (North Clackamas),Raised bed Lead Free,,Yes,,Yes,Yes,I went to food pantries and received emergency food boxes LESS often,,,,,,,,Yes,Yes,,Yes,Yes,Yes,Unsure,Yes,I was MORE physically active because of the garden,"I had 33 different plants. Growing Gardens came out and helped me care for my 3 raised beds. I had 5 tomato plants plus tomatillos, strawberries and zucchini and squash galore. I made salsa and panko fried zucchini and squash. I even had 🍆 
Eggplant. 10 broccoli plants some still growing 
bell peppers and peas. I'm learning tips to make my gardens yield more food. I've already bought seeds and extra planters for my Christmas, just need dirt. I will start my seeds march indoor. I can't wait.",Try my hand of growing more fruit.,,"Great, She already answers my questions and I send her my pictures of my plants and yield. She encourages me to continue with my gardens and I get excited when talking about what I've learned.",,,All the goodies that grew. Plus we had rain that helps the garden grow.,Yes,No,No,I don't have children,,Yes,I watched it while outside on my tablet.,,No,
2022,Gabi (North Clackamas),High Raised Bed (2ft tall),,Yes,,Yes,Yes,I went to food pantries and received emergency food boxes LESS often,,,,,,,,Yes,Yes,,Yes,No,Yes,Yes,Yes,I was MORE physically active because of the garden,Nice to have a vegetable garden for the first year. Growing all different kinds of vegetables but having lots of bugs.,Like to attend any kind of workshops. ,,"Great, Gabi was excellent ",,,Growing and cooking them. ,Yes,Yes,No,Their interest increased,,Yes,,,Yes,
2022,Angelica (East Portland/Gresham),High Raised Bed (2ft tall),,Yes,,Yes,Yes,I went to food pantries and received emergency food boxes LESS often,,,,,,,,Yes,Yes,,Yes,Yes,Yes,No,Yes,I was MORE physically active because of the garden,I love to feel the ground and I grown garlic.,How to preserve the vegetables during winter ,,"Great, She is great support now.",,,Stay outside ,Yes,Yes,No,I don't have children,,No,I was too busy to attend,,Yes,
2022,Cat (North Portland),In-Ground/Mounded Earth,,Yes,,No,Stayed the same,Stay the same as before I had my garden,,,,,,,,Stayed the same,Stayed the same,,No,No,No,No,No,Stay the same as before I had my garden,Really struggled physically and not knowing what to do,Beginner gardening please. I need help to get started,,"Needs Improvement, Just helping me know how to get started. I’m disabled so I need to know the easiest way and way it will work for sure, as it’s really hard to do.",,,My kids getting excited,Yes,No,"Yes; Under 5, Yes, Age 6-12, Yes, Age 13-17",Their interest increased,PPS Access Academy,No,Can’t remember,,No,
2022,Cat (North Portland),In-Ground/Mounded Earth,,No,"I had no seeds or plant starts, Physical problems (sore back, knees, etc.), Waiting on garden consult",No,No,I went to food pantries and received emergency food boxes LESS often,,,,,,,,Stayed the same,No,,No,No,No,No,No,Stay the same as before I had my garden,Had death in family. Didn’t do much growing in the garden,Consulting and one on one sessions ,,"Good, Check in ",,,N/a,No,Yes,"Yes, Age 13-17",Their interest didn't change,Rosemary Anderson,No,I never received an invite to a workshop,,Yes,
2022,Cat (North Portland),In-Ground/Mounded Earth,,Yes,,No,Yes,I went to food pantries and received emergency food boxes LESS often,,,,,,,,Yes,Stayed the same,,Yes,Yes,Yes,Yes,Yes,I was MORE physically active because of the garden,"I grew greens, broccoli, tomatoes, tomatillos, garlic, squash: acorn and zucchini, corn, blueberry, strawberry, blackberry, raspberry, beans, snap peas, potatoes and a lot of herbs! 3 types of sage
Mint
Lemon balm
Passionflower
Nettles
Agrimony
Motherwort
Mugwort
Lobelia
Bee balm
St Johnswort
Rue
Mullien
Calendula
Lavender
Rosemary
Wormwood
Angelica
Valarian
Anise Hyssop
One challenge I faced this year was that a few of my plants didn't flower and my corn was eaten by rats I feel like I wish my strawberries would bloom more and bigger and my broccoli didn't take off too well either. I'm hoping to be more organized for better companion planting next year and hope to grow more produce.","Season change prep and companion planting and soil quality, how to understand and improve it. ",,"Good, I would have loved if my daughter could have applied for her position. This is a passion of hers but nobody followed up after she expressed interest in the position. I felt like we just got left in the dark on that. ",,,"Putting my hands in the garden and the fact that I still have garlic, potatoes, tomatoes/tomatillos, and squash products in my pantry from the harvest last year",Yes,No,"Yes, Age 6-12",Their interest increased,Village Free School,Yes,,,No,
2022,Karen (Cully/Parkrose),Raised bed Lead Free,,Yes,,Yes,Yes,Stay the same as before I had my garden,,,,,,,,Yes,Yes,,Yes,Yes,Yes,No,Yes,I was MORE physically active because of the garden,,More of the same ,,"Great, She did great ",,,Watching the garden grow ,Yes,No,No,I don't have children,,Yes,,,No,
2022,Cat (North Portland),In-Ground/Mounded Earth,,Yes,,Yes,Yes,I went to food pantries and received emergency food boxes LESS often,,,,,,,,Yes,Yes,,Yes,Yes,Yes,No,Yes,I was MORE physically active because of the garden,"I had a wonderful garden I grew tomatoes, lettuce, potatoes, green peppers lettuce jalapeño",don’t know ,,they were great,,,having fresh vegetables,Yes,Yes,"Yes, Age 13-17",Their interest increased,,Yes,,,Yes,
2022,Cat (North Portland),Containers,,Yes,,Yes,No,Stay the same as before I had my garden,,,,,,,,Stayed the same,Stayed the same,,Yes,No,No,Yes,No,I was MORE physically active because of the garden,,None,,"Needs Improvement, Not sure",,,Eating from it,Yes,No,No,I don't have children,,No,"I wasn't interested in the topic(s), I didn't want to",,No,
2022,Cat (North Portland),Containers,,Yes,,Yes,Stayed the same,Stay the same as before I had my garden,,,,,,,,Yes,Stayed the same,,Yes,No,Yes,No,Yes,I was MORE physically active because of the garden,"Tomatoes, basil, cucumbers, lemon cucumbers, collards, mustard, lettuce, green onion, rosemary, parsley, cilantro, sweet peppers, Thai pepper, variety lettuce, calendula, onion chives, strawberries, marigolds, spearmint, peppermint, lavender, sage, flowers","Gardening, and planning",,Cat is great. ,,,"Gardening, watching the garden grow and harvesting and eating the fresh vegetables and using the fresh herbs",Yes,Yes,"Yes, Age 13-17",Their interest increased,Roosevelt,Yes,,,Yes,
2022,Camilo (North Portland),In-Ground/Mounded Earth,,Yes,,Yes,Yes,Stay the same as before I had my garden,,,,,,,,Yes,Yes,,Yes,Yes,Yes,Yes,Yes,I was MORE physically active because of the garden,The challenge was the weather... Tomato peppers greens orka Squash Japanese egg plants,Canning workshop,,"Great, Nothing. My organizer need no changes by us.",,,Harvesting my fruit & veggie of Labor,Yes,No,No,I don't have children,,No,I was too busy to attend,,No,
2022,Camilo (North Portland),In-Ground/Mounded Earth,,No,We were gone for the summer.,Yes,Yes,Stay the same as before I had my garden,,,,,,,,Yes,Stayed the same,,Yes,No,Yes,No,Yes,I was MORE physically active because of the garden,"Tomatoes, lettuce, cucumbers. Garlic",Not sure,,He is magnificent,,,To he veges,Yes,Yes,No,I don't have children,,No,I was too busy to attend,,Yes,
2022,Camilo (North Portland),"Containers & high raised beds, in ground",,Yes,,Yes,Yes,Stay the same as before I had my garden,,,,,,,,Yes,Yes,,Yes,Unsure,Yes,Yes,Yes,I was MORE physically active because of the garden,Lots of tomatoes & herbs,"Trimming fruit trees, processing and use of medicinal herbs, canning, shade gardens, nutrition classes, more community building or sharing.",,"Great, Camilo is friendly, knowledgeable and professional. I would like more diverse starts. Starting by seeds was a flop, especially tomatoes. I tried w the milk jugs over the winter, but it was an interesting attempt. I want to grow cilantro and basil and garlic.  ",,,"Watering every morning, making large batches of salsa",Yes,No,No,I don't have children,,No,I am interested in medicinal herbs but wasn’t invited to that workshop,,No,
2022,Camilo (North Portland),In-Ground/Mounded Earth,,Yes,,Yes,Yes,I went to food pantries and received emergency food boxes LESS often,,,,,,,,Yes,Yes,,Yes,Yes,Yes,Yes,Yes,I was MORE physically active because of the garden,Grew lettuce jalapeños tomatillos potatoes and herbs and we love going to our garden it’s ours and we are able to share with family and friends.,Any classes knowledge is power,,"Great, I think they do a great job already",,,Enjoying the fruits of our labor,Yes,Yes,Yes; Under 5,Their interest increased,,Yes,,,Yes,
2022,Gabi (North Clackamas),High Raised Bed (2ft tall),,Yes,,No,Stayed the same,I went to food pantries and received emergency food boxes LESS often,,,,,,,,Yes,Stayed the same,,Yes,No,Yes,Yes,Yes,I was MORE physically active because of the garden,"grew tomatoes, tomatillos, lettuce, kale chard, not very succesfful with peppers, eggplants, squash",covering for hot weather,,"Needs Improvement,more plant starts, more food boxes, more responsive to requests",,,"food starts, food boxes",Yes,Yes,No,Their interest decreased,,Yes,,,Yes,
2022,Carolina (North Clackamas),High Raised Bed (2ft tall),,Yes,,Yes,Yes,Stay the same as before I had my garden,,,,,,,,Yes,Yes,,Yes,No,Yes,No,No,I was MORE physically active because of the garden,It was our first year gardening. My toddler loved helping me.,How to pickle veggies,,Great,,,Bonding time with my daughter ,Yes,No,Yes; Under 5,Their interest increased,,No,Out of town,,No,
2022,Gabi (North Clackamas),In-Ground/Mounded Earth,,Yes,,No,Yes,I went to food pantries and received emergency food boxes LESS often,,,,,,,,Yes,Stayed the same,,Yes,Yes,Yes,Yes,Yes,I was MORE physically active because of the garden,Tomato,Green house,,"Great, Food box, tree, seed",,,Grow and eat tomato,Yes,Yes,"Yes, Age 13-17",Their interest increased,Clackamas,Yes,,,Yes,
2022,Cat (North Portland),In-Ground/Mounded Earth,,Yes,,Yes,Yes,Stay the same as before I had my garden,,,,,,,,Yes,Yes,,Yes,Yes,Yes,Yes,Yes,I was MORE physically active because of the garden,"Collards, kale,squash, flowers, garlic, onion,strawberries",Any,,Great,,,Beauty,Yes,No,"Yes, Age 6-12, Yes, Age 13-17",Their interest increased,"Astor, Roosevelt",No,I never received an invite to a workshop,,Yes,
2022,Cat (North Portland),Containers,,Yes,,Yes,Yes,I went to food pantries and received emergency food boxes MORE often,,,,,,,,Yes,Yes,,Yes,No,Yes,Yes,Yes,I was MORE physically active because of the garden,"Felt great
We grew lettuces, collards, mustard, onion chives, tomatoes, sweet peppers, spicy peppers, cucumbers, lemon cucumbers, basil, parsley, cilantro, rosemary, lavender, calendula, chamomile, peppermint, spearmint, flowers, green onions. We had a lot of new things and some challenges, but it was all good, educational and fun.",Gardening,,Cat is super fabulous,,,Gardening fresh vegetables and herbs for my family,Yes,Yes,"Yes, Age 13-17",Their interest increased,Roosevelt,Yes,,,Yes,
2022,Cat (North Portland),In-Ground/Mounded Earth,,Yes,,Yes,Stayed the same,Stay the same as before I had my garden,,,,,,,,Yes,Stayed the same,,No,No,No,No,Yes,I was MORE physically active because of the garden,"Grew tomatoes, bell peppers, jalapeño peppers, collards, strawberries, blueberries. None of my plants grew. I got one good batch of collards. Then bugs took over. Tomatoes never turned red. Peppers never grew. Squirrels ate the strawberries. Blueberry never grew. I felt like the plants weren’t getting enough nutrients. I tried using coffee grounds, but it seemed to make it worse.","Soil, fertilizer, plant care.  ",,"I think I have a new organizer that I haven’t met.   Cat was great, but she moved on to a different position.   ",,,Not sure f I like it yet.  Lol.  ,Yes,Yes,"Yes, Age 13-17",Their interest didn't change,Faubion,No,I was too busy to attend,,Yes,
2022,Isabel (Cully/Parkrose),In-Ground/Mounded Earth,,Yes,,Yes,Stayed the same,Stay the same as before I had my garden,,,,,,,,Stayed the same,Stayed the same,,No,No,No,No,Yes,Stay the same as before I had my garden,"Lettuce, basil, sunflowers, tomato, it was a good start but slugs and other insects started to invade and squirrels as well.",Ideas and tips to help on how to keep insects and critters from invading our garden and how to start our own compost.  ,,"Good, they did great and were able to answer any questions we had",,,it was a family gathering and we were able to see our work and progress,Yes,Yes,Yes; Under 5,Their interest increased,,Yes,Doctors appointment ,,Yes,
2022,Cat (North Portland),In-Ground/Mounded Earth,,Yes,,Yes,Yes,I went to food pantries and received emergency food boxes LESS often,,,,,,,,Yes,Yes,,Yes,Yes,Yes,No,Yes,I was MORE physically active because of the garden,tomatoes lettuce potatoes jalapeños collard bell pepper,not sure ,,"Great, they were great kat and charmaine ",,,fresh potatoes and parsley,Yes,Yes,"Yes, Age 13-17",Their interest increased,Grant,No,I was too busy to attend,,Yes,
2022,Shireen (East Portland),High Raised Bed (2ft tall),,Yes,,Yes,Yes,Stay the same as before I had my garden,,,,,,,,Yes,Yes,,Yes,Yes,No,No,Yes,I was MORE physically active because of the garden,"I loved the help with getting plant starts and seeds. Grew tomatoes, squash, blueberry plants…need help with challenges of setting up watering system, and help with trellis for grapes, and raspberries, planting stuff like blueberry plants is hard for us.","Gardening 101, composting, preparing the soil, gardening amendments, growing fruit trees, winter gardening, setting up a watering system",,"Needs Improvement, Communication… They’re hard to get a hold of. I feel like I don’t get information from them unless I call ALL the time. ",,,Watching the huge tomato plants and sunflowers grow. ,Yes,No,No,I don't have children,,No,I never received an invite to a workshop,,No,
2022,Kathy (Gresham),Raised bed Lead Free,,Yes,,No,No,Stay the same as before I had my garden,,,,,,,,No,No,,No,No,No,No,No,I was LESS physically active because of the garden,I received starts and seeds late and unfortunately the plants did not flourish and grow enough to produce anything edible. I was not contacted about plant distribution day this year as has been done in years past.,Indoor herb garden,,"Needs Improvement, Contact me when starts/seeds are available.",,,n/a,No,No,"Yes, Age 6-12",Their interest didn't change,Creative Science School,No,I never received an invite to a workshop,,Yes,
2022,Shireen (East Portland),High Raised Bed (2ft tall),,Yes,,Yes,Yes,Stay the same as before I had my garden,,,,,,,,Yes,Yes,,Yes,No,Yes,No,Yes,I was MORE physically active because of the garden,"Tomatoes, greens, squash, green onions berries (not successful)",Nutrition ,,Doing a great job already ,,,Watching it grow eating the food marveling my success ,Yes,Yes,"Yes; Under 5, Yes, Age 6-12",Their interest increased,Centennial,No,I never received an invite to a workshop,,Yes,
2022,Shireen (East Portland),Containers,,Yes,,Yes,Yes,Stay the same as before I had my garden,,,,,,,,Yes,Yes,,Yes,Yes,Yes,No,Yes,I was MORE physically active because of the garden,We were able to produce and eat from the garden.,Co habits for plants ,,"Needs Improvement, Return phone calls",,,Seeing the growth,Yes,No,Yes; Under 5,Their interest increased,,No,I never received an invite to a workshop,,No,
2022,Shireen (East Portland),In-Ground/Mounded Earth,,Yes,,No,Yes,Stay the same as before I had my garden,,,,,,,,Yes,Yes,,Yes,Yes,Yes,Yes,Yes,I was MORE physically active because of the garden,"We grew lots of vegetables in our garden this year. Lettuce starts were the hit! Garlic, jalapenos, and green beans (pole & bush) did very well this year too. Tomatoes had a hard time but toughed it out with help. Some of the starts I received didn't do well but I intend to try again. It would have been helpful to get more info on how to make cloches. I had no idea what they were. They have been a big help in the garden in the winter currently. I didn't really hear from growing gardens after the starts distribution. We loved having salads that 100% came from our garden. Onions did not turn out as I'd hoped, I harvested too late but have tons of seed for this next season.","Soil Culture, Natural Soil amendments, higher level of food preservation ability, seed storage, ",,"Needs Improvement, Didn't know it changed from Shireen to Kathy.  I think I vaguely remember a phone call but I don't remember when that was.",,,All of it.  Harvesting garlic and apples,Yes,No,"Yes, Age 6-12, Yes, Age 13-17",Their interest increased,Powell Butte,No,"I was too busy to attend, Saw the email too late to schedule in",,No,
2022,Angelica (East Portland/Gresham),Containers,,Yes,,Yes,Yes,Stay the same as before I had my garden,,,,,,,,Yes,Yes,,Yes,Yes,Yes,Yes,Yes,I was MORE physically active because of the garden,I had less success,Nutrition from own garden. ,,Keep doing great job.,,,Harvest my produce,Yes,No,"Yes, Age 6-12",Their interest increased,"Alice Ott, DDAA",Yes,,,No,
2022,Shireen (East Portland),High Raised Bed (2ft tall),,Yes,,Yes,Yes,Stay the same as before I had my garden,,,,,,,,Yes,Yes,,No,No,No,Yes,No,I was MORE physically active because of the garden,Harvesting,Starting from seeds ,,"Needs Improvement, More hands w",,,Planting ,Yes,No,"Yes, Age 6-12",Their interest increased,Shaver,No,I never received an invite to a workshop,,No,
2022,Carolina (North Clackamas),In-Ground/Mounded Earth,,Yes,,Yes,Yes,I went to food pantries and received emergency food boxes LESS often,,,,,,,,Yes,Yes,,Yes,Yes,Unsure,Yes,Yes,I was MORE physically active because of the garden,It was excellent,Starting from seeds ,,Very good,,,Sharing with family and friends,Yes,No,"Yes, Age 6-12, Yes, Age 13-17",Their interest increased,,Yes,,,Yes,
2022,Carolina (North Clackamas),Containers,,Yes,,Yes,Yes,I went to food pantries and received emergency food boxes LESS often,,,,,,,,Yes,Yes,,Yes,No,Yes,No,Yes,I was MORE physically active because of the garden,"This year was not very successful because the weather was not very favorable but thanks to Mrs. Carolina who always encourages me, let's see how next year I hope it goes better.","Compost, Healthy Homes",,Excellent,,,My favorite part is when my little daughter waters my flower pots.,Yes,,"Yes, Under 5, Yes, Age 13-17",Their interest increased,"Milwaukie , Rowe",Yes,,,Yes,
2022,Carolina (North Clackamas),In-Ground/Mounded Earth,,No,Because on the day the plants were delivered I worked and could not pick them up.,Yes,Yes,Stay the same as before I had my garden,,,,,,,,Yes,Yes,,Yes,Unsure,Yes,Yes,Yes,I was MORE physically active because of the garden,I love to plant and especially to see the fruit.,"At the moment I can't, I have my little daughter.",,Good,,,Watching the harvest,Yes,,No,I don't have children,,No,I never received an invite to a workshop,,No,
2022,Carolina (North Clackamas),In-Ground/Mounded Earth,,Yes,,Yes,Yes,I went to food pantries and received emergency food boxes LESS often,,,,,,,,Yes,Yes,,Yes,No,Unsure,No,Yes,I was MORE physically active because of the garden,"Tomatoes and tomatillos and the hardest part was to keep the animals from eating the Calabasas, egg plants, tomatoes and chile morron.",Cooking,,Good,,,"Serrano, tomato and tomatillo peppers many sauces",Yes,,"Yes, Under 5, Yes, Age 13-17",Their interest didn't change,Milwaukie,Yes,,,Yes,
2022,Angelica (East Portland/Gresham),In-Ground/Mounded Earth,,Yes,,Yes,Yes,I went to food pantries and received emergency food boxes LESS often,,,,,,,,Yes,Yes,,Yes,Yes,Yes,Yes,Yes,I was MORE physically active because of the garden,Growing your habanero peppers,Natural repellents,,Very good,,,my habanero peppers,Yes,,"Yes, Age 6-12",Their interest increased,Powell Butte,Yes,,,Yes,
2022,Carolina (North Clackamas),In-Ground/Mounded Earth,,Yes,,Yes,Yes,I went to food pantries and received emergency food boxes LESS often,,,,,,,,Yes,Yes,,Yes,No,Yes,No,Yes,I was MORE physically active because of the garden,"The hardest part was preparing the soil, but it was a success I had a lot of harvest. I think the sun was missing but my garden was very good.",About how to preserve seeds,,"Excellent is a very efficient person has a good attitude, and very supportive.",,,Harvesting,Yes,,"Yes, Age 13-17",Their interest increased,Rexputam,Yes,,,Yes,
2022,Angelica (East Portland/Gresham),In-Ground/Mounded Earth,,Yes,,Yes,Yes,I went to food pantries and received emergency food boxes LESS often,,,,,,,,Yes,Yes,,Yes,Yes,Yes,Yes,Yes,I was MORE physically active because of the garden,The cucumbers and tomatillo,Healthy food preparation .,,Good,,,Harvesting your own vegetables,Yes,,No,Their interest increased,,Yes,,,Yes,
2022,Carolina (North Clackamas),In-Ground/Mounded Earth,,Yes,,Yes,Yes,I went to food pantries and received emergency food boxes LESS often,,,,,,,,Yes,Yes,,Yes,No,Yes,No,Yes,I was MORE physically active because of the garden,The most difficult thing was preparing the soil.,How to preserve seeds,,"Very excellent, very efficient, good communication, very supportive.",,,Harvest,Yes,,"Yes, Age 13-17",Their interest increased,Rexputam,Yes,,,Yes,
2022,Angelica (East Portland/Gresham),High Raised Bed (2ft tall),,No,"I have a physical problem (back, knees, etc.).",No,Stayed the same,Stay the same as before I had my garden,,,,,,,,Stayed the same,Stayed the same,,No,No,No,No,No,Stay the same as before I had my garden,My garden was not successful this year. It was very difficult for me to maintain the garden since I have three children and three pets and I don't have the time to dedicate to the garden.,Preparing healthy food,,"Very accessible, gave me good information when they gave me seeds to plant, answered my questions about the garden, good attitude.",,,"This year Mr. Antonio helped me to clean my garden but there were a lot of weeds and thorns, he planted some garlic but there were problems for them to grow because of the animals that come out at night and look for food, and I didn't have the time to take care of my garden.",No,,"Yes, Age 6-12, Yes, Age 13-17",Their interest didn't change,"Woodmere, Kellogg",Yes,,,No,
2022,Angelica (East Portland/Gresham),In-Ground/Mounded Earth,,No,Nothing grew,No,Stayed the same,Stay the same as before I had my garden,,,,,,,,No,No,,Unsure,Unsure,Unsure,Unsure,Unsure,Stay the same as before I had my garden,Not successful,"Help with additional support for planting, and classes to learn what kind of vegetables I can plant and not be eaten by other animals that come out at night to look for seeds.",,Good,,,No,No,,"Yes, Age 6-12",Their interest didn't change,,No,"I never received an invite to a workshop, I was too busy to attend",,No,
2022,Carolina (North Clackamas),In-Ground/Mounded Earth,,No,I moved out of the house,Yes,Yes,I went to food pantries and received emergency food boxes MORE often,,,,,,,,Yes,Yes,,Yes,Yes,Yes,Yes,Unsure,I was MORE physically active because of the garden,“Me and my family really enjoyed the garden this season but unfortunately this year we moved house and we were able to do the garden. But in our new home we will start a garden again”.,None,,“Everything is fine with my organizer. But in my new home I would like help in making my beds for my fruits and vegetables.”,,,The abundance of vegetables and living with my children during gardening.,Yes,,"Yes, Under 5, Yes, Age 6-12, Yes, Age 13-17",Their interest increased,"Lot Whitcomb, Milwaukie",No,I was unable to attend due to technology reasons.,,Yes,
2022,Carolina (North Clackamas),High Raised Bed (2ft tall),,Yes,,Yes,Yes,I went to food pantries and received emergency food boxes LESS often,,,,,,,,Yes,Yes,,Yes,No,Yes,Yes,Yes,I was MORE physically active because of the garden,"Very relaxing, entertaining, fun.",Learn more about how to maintain the garden so that it produces more fruits and vegetables.,,Very good,,,The satisfaction of harvesting my own vegetables,Yes,,"Yes, Under 5, Yes, Age 6-12, Yes, Age 13-17",Their interest increased,"Milwaukie, Rowe",Yes,,,Yes,
2022,Angelica (East Portland/Gresham),In-Ground/Mounded Earth,,Yes,,Yes,Yes,I went to food pantries and received emergency food boxes LESS often,,,,,,,,Yes,Yes,,Yes,Yes,Yes,Yes,Yes,I was MORE physically active because of the garden,Harvest lots of cucumbers,How to tan vegetables,,Good,,,That I ate a lot of cucumbers,Yes,,No,Their interest increased,,No,I was unable to attend due to technology reasons.,,No,
2022,Carolina (North Clackamas),In-Ground/Mounded Earth,,Yes,,Yes,Yes,I went to food pantries and received emergency food boxes LESS often,,,,,,,,Yes,Yes,,Yes,Yes,Yes,Yes,Yes,I was MORE physically active because of the garden,"“We are very happy and sharing more family time from planting and soil preparation to growing them, enjoying fresh and organic vegetables, free of chemicals everything was given to me a lot, except potatoes and we are very happy because we planted lemon and avocado seeds and already the plants are growing.",Many,,"Excellent, very friendly and helpful.",,,All,Yes,,No,Their interest increased,,Yes,,,Yes,
2022,Carolina (North Clackamas),In-Ground/Mounded Earth,,Yes,,Yes,Yes,I went to food pantries and received emergency food boxes LESS often,,,,,,,,Yes,Yes,,Yes,No,Yes,No,Yes,I was MORE physically active because of the garden,My family and I are so grateful for this program.”,Varieties and their dates to be planted. How to work and nurture our soil well. How to work with our compost.,,"Be patient, no offensive comments",,,"Watching them grow, time for me and enjoying fresh vegetables",Yes,,"Yes, Age 6-12, Yes, Age 13-17",Their interest increased,"Gardiner, CASI",Yes,,,Yes,
2022,Angelica (East Portland/Gresham),In-Ground/Mounded Earth,,Yes,,Yes,Yes,I went to food pantries and received emergency food boxes LESS often,,,,,,,,Yes,Yes,,Yes,Yes,Yes,Yes,Yes,I was LESS physically active because of the garden,"I planted very little I had surgery, but the little I grew was beautiful and tasty.",Pests and their treatments,,Good,,,spending time outside,Yes,,No,I don't have children,,No,I was unable to attend due to technology reasons.,,Yes,
2022,Angelica (East Portland/Gresham),In-Ground/Mounded Earth,,Yes,,Yes,Yes,I went to food pantries and received emergency food boxes LESS often,,,,,,,,Yes,Yes,,Yes,Yes,Yes,Yes,Yes,I was MORE physically active because of the garden,I loved the tomatoes,How to preserve seeds,,Good,,,Being in the garden,Yes,,"Yes, Age 13-17",Their interest increased,Mill Park,Yes,I was too busy to attend,,Yes,
2022,Carolina (North Clackamas),In-Ground/Mounded Earth,,Yes,,Yes,Yes,I went to food pantries and received emergency food boxes LESS often,,,,,,,,Yes,Yes,,Yes,Yes,Yes,Yes,Yes,I was MORE physically active because of the garden,I loved the cucumbers,How to preserve seeds,,Very good,,,Potatoes,Yes,,No,Their interest increased,,Yes,,,No,
2022,Carolina (North Clackamas),In-Ground/Mounded Earth,,Yes,,Yes,Yes,I went to food pantries and received emergency food boxes LESS often,,,,,,,,Yes,Yes,,Yes,Yes,Yes,Yes,Yes,I was MORE physically active because of the garden,"A different experience, a little slow or more time consuming, but we harvested and saved Mila's harvest.",More about growing different vegetables,,Very good,,,More physical activity,Yes,,"Yes, Age 6-12",Their interest increased,"Lot Whitcomb, La Salle",No,I was too busy to attend,,No,
2022,Angelica (East Portland/Gresham),In-Ground/Mounded Earth,,Yes,,Yes,Yes,I went to food pantries and received emergency food boxes LESS often,,,,,,,,Yes,Yes,,Yes,Yes,Yes,Yes,Yes,I was MORE physically active because of the garden,"We grew tomatoes, tomatillos, chilies, onions, lettuce, dad onion",How to grow vegetables,,I have very good communication,,,Harvesting my vegetables,Yes,,"Yes, Age 6-12, Yes, Age 13-17",Their interest increased,,Yes,,,No,
2022,Angelica (East Portland/Gresham),High Raised Bed (2ft tall),,Yes,,Yes,Yes,I went to food pantries and received emergency food boxes LESS often,,,,,,,,Yes,Yes,,Yes,No,Yes,Yes,Yes,I was MORE physically active because of the garden,I was 70% successful,Learning about pests and fertilizers,,It's my first time doing this project but all the team that helped me and brought me all the material are very nice people thank you.,,,Mostly it kept my dad busy since he is an older person and I learned how to grow certain vegetables.,Yes,,"Yes, Age 6-12",Their interest increased,Pleasant Valley,No,I was too busy to attend,,No,
2022,Angelica (East Portland/Gresham),Containers,,Yes,,Yes,Yes,Stay the same as before I had my garden,,,,,,,,Yes,Yes,,No,No,No,No,Yes,I was MORE physically active because of the garden,"It was a new experience for my children, we planted green beans cilantro pasli radish squash chili peppers tomato jitomote and albacar we had success in the harvest the difficult ones that we did not know how to arrange the vegetables and they came together already grown.","I like. The workshops that have been offered, I just don't fit the schedule",,Good,,,Planting and watering,Yes,,"Yes, Age 6-12",Their interest increased,Powell butte,Yes,,,No,
2022,Angelica (East Portland/Gresham),In-Ground/Mounded Earth,,Yes,,Yes,Yes,I went to food pantries and received emergency food boxes LESS often,,,,,,,,Yes,Yes,,Yes,No,Yes,No,No,I was MORE physically active because of the garden,My children were always happy planting the plants and watering them.,I don't remember,,She is very good!,,,Learning together as a family,Yes,,"Yes, Under 5, Yes, Age 6-12, Yes, Age 13-17",Their interest increased,"David Douglas, lincoln park, Ron Russell",Yes,,,Yes,
2022,Angelica (East Portland/Gresham),In-Ground/Mounded Earth,,Yes,,Yes,Yes,Stay the same as before I had my garden,,,,,,,,Yes,No,,Yes,Yes,Yes,Yes,Yes,I was MORE physically active because of the garden,Cutting strawberry cucumbers tomatoes with my kids.,Resources,,She always answers and is always available,,,Watering and caring for the plants,Yes,,"Yes, Under 5, Yes, Age 6-12, Yes, Age 13-17",Their interest increased,Hall,Yes,,,Yes,
2022,Isabel (Cully/Parkrose),Community Garden,,Yes,,Yes,Yes,I went to food pantries and received emergency food boxes LESS often,,,,,,,,Yes,Yes,,Yes,No,Yes,Yes,Yes,I was MORE physically active because of the garden,"Simple, fun and satisfying for the family.",Sewing,,Good,,,"watching our own tomatoes grow garlic, chili peppers and fresh potatoes for the family.",Yes,,"Yes, Age 13-17",Their interest increased,Reynolds,No,I never received an invite to a workshop,,No,
2022,Angelica (East Portland/Gresham),Containers,,Yes,,Yes,Yes,I went to food pantries and received emergency food boxes MORE often,,,,,,,,Yes,Yes,,Yes,No,Yes,Yes,Yes,I was MORE physically active because of the garden,It was so nice to be able to harvest our own tomatoes and tomato this year and our papalo was a success with our family to think that I was given just one small piece that my family enjoyed so much.,knowledge of medicinal plants,,"She is an excellent person, she explained to me the knowledge she has about the garden over the phone and once in person.",,,That with just a little help I had a lot of tomatoes this summer and almost didn't buy any.,Yes,,"Yes, Age 13-17",Their interest increased,Gresham,No,I never received an invite to a workshop,,Yes,
2022,Isabel (Cully/Parkrose),In-Ground/Mounded Earth,,Yes,,Yes,Yes,Stay the same as before I had my garden,,,,,,,,Yes,No,,Yes,Yes,Yes,Yes,Yes,I was MORE physically active because of the garden,I learned more and ate and shared organic vegetables.,All with which I can learn to improve the quality of life and to learn to save for the well being of the family.,,"2, 3",,,Huazontles.,Yes,,No,Their interest increased,Oregon State University,Yes,,,Yes,
2022,Angelica (East Portland/Gresham),High Raised Bed (2ft tall),,Yes,,Yes,Yes,Stay the same as before I had my garden,,,,,,,,Yes,Yes,,Yes,No,Yes,No,Yes,I was MORE physically active because of the garden,"It was a little difficult for me because I had two surgeries, one in April and the other in October, but as I said my family participated, we planted tomatoes, hot peppers, papayas, cilantro, lettuce, the harvest was good.",To prepare my own natural creams.,,She is very good,,,I love everything from planting to harvesting.,Yes,,"Yes, Age 13-17",Their interest didn't change,Roosevelt,Yes,,,No,
2022,Isabel (Cully/Parkrose),Community Garden,,Yes,,Yes,Yes,I went to food pantries and received emergency food boxes LESS often,,,,,,,,Yes,Yes,,No,Yes,Yes,Yes,Yes,I was MORE physically active because of the garden,It is a very nice experience for my girls to cut the vegetables themselves.,All workshops are good and if I am invited I will attend them.,,She is always telling me what kind of aids and plants she has.,,,Watching how you grow each vegetable,Yes,,"Yes, Age 6-12",Their interest increased,Madeleine school,Yes,,,Yes,
2022,Isabel (Cully/Parkrose),Containers,,Yes,,Yes,Yes,I went to food pantries and received emergency food boxes LESS often,,,,,,,,Yes,Yes,,Yes,Yes,Yes,No,Yes,I was MORE physically active because of the garden,"Something new the tomatoes all stayed green, but I put them all in the oven and they ripened and that was a unique experience.",More on how to sow various types of seeds.,,Very good communication,,,The thought that I am going to give my family something more nutritious.,Yes,,"Yes, Age 13-17",Their interest increased,Parkrose,Yes,,,Yes,
2022,Angelica (East Portland/Gresham),Raised bed Lead Free,,Yes,,Yes,Yes,I went to food pantries and received emergency food boxes LESS often,,,,,,,,Yes,Yes,,Yes,No,Yes,Yes,No,I was MORE physically active because of the garden,It was nice to grow more organics for my family and it is something that I teach my daughter to grow fruits and vegetables.,To all the ones that are shared,,Good,,,The tomatoes and cucumbers and it also served to distract my daughter who was helping me for a while.,Yes,,"Yes, Age 13-17",Their interest increased,Centennial,No,I was unable to attend due to technology reasons.,,No,
2022,Isabel (Cully/Parkrose),Community Garden,,Yes,,Yes,No,I went to food pantries and received emergency food boxes LESS often,,,,,,,,Yes,Yes,,No,Yes,No,Yes,Yes,I was MORE physically active because of the garden,"It was a little difficult this year since I was pregnant and now I have my 6 month old baby, what we had was garlic, my husband planted tomato, tomatillo, some chili peppers and we also harvested oregano and some flowers, other years we harvested more vegetables.",About food,,Very good .,,,Harvesting. But I also realized the importance of having a space and being able to plant my own vegetables.,Yes,,"Yes, Under 5, Yes, Age 6-12",Their interest increased,Dr. Martin Luther King,Yes,,,Yes,
2022,Isabel (Cully/Parkrose),Raised bed Lead Free,,Yes,,Yes,Yes,I went to food pantries and received emergency food boxes LESS often,,,,,,,,Yes,Yes,,Yes,No,Yes,Yes,Unsure,I was MORE physically active because of the garden,"tomato, chicharo, onion, chiles, epazote, yerba mora, quelite, papalo, ejote, lettuce, cilantro, cucumber, pumpkin, grapes, bluberri. Not much produce was grown, the plants did not develop as they should have because of the strong heat this season.",“To the workshop on how to and the one on how to make our own cream with natural calendula products. And some others they offer .”,,"Good, so far she has been a very flexible and supportive person for me, in terms of pandemic and before it providing information and workshop resources for a quality naturally organic Vienestar from garden improvement ideas.",,,"It was a little crazy, at the beginning my plants were very small and giving their fruits of thumb size :) taking up ideas of fertilizing with animal waste, remembering from the last workshop they developed a little more giving some of their product out of growth a little exaggerated. but it was a good experience for the future.",Yes,,"Yes, Age 6-12, Yes, Age 13-17",Their interest increased,Valley Catholic School,Yes,,,Yes,
2022,Angelica (East Portland/Gresham),Community Garden,,Yes,,Yes,Yes,I went to food pantries and received emergency food boxes LESS often,,,,,,,,Yes,Yes,,Yes,Yes,Yes,Yes,Yes,I was MORE physically active because of the garden,"We are happy because we spent a pleasant time doing what we like the most, thank you.","Workshop; prepare organic safe cleansing products, as well as for personal use to help in the Vienestar of the skin in people with eczema problems and avoid risks of facial and body cancer of one and the quality of health of one's family is more stable and healthy.",,It is very good,,,Spending time in the garden,Yes,,"Yes, Age 6-12",Their interest increased,Reynolds,Yes,,,Yes,
2022,Isabel (Cully/Parkrose),Containers,,Yes,,Yes,Yes,I went to food pantries and received emergency food boxes MORE often,,,,,,,,Yes,Yes,,Yes,Yes,Yes,No,Yes,I was MORE physically active because of the garden,We learned and it unites us as a family,I liked everything I planted,,Good,,,Spending time with my family,Yes,,"Yes, Age 13-17",Their interest increased,,Yes,,,Yes,
2022,Isabel (Cully/Parkrose),In-Ground/Mounded Earth,,No,Falta de tiempo pero quiero hacerlo!,Yes,Stayed the same,I went to food pantries and received emergency food boxes LESS often,,,,,,,,Yes,Yes,,Yes,Yes,Yes,Yes,Yes,Stay the same as before I had my garden,We were given soil but not the wood for the garden so during the rainy season everything was scattered.,As many as I can learn,,It is excellent,,,To have fresh and tasty garlic!,Yes,,"Yes, Under 5",Their interest didn't change,,No,I was too busy to attend,,Yes,
2022,Isabel (Cully/Parkrose),In-Ground/Mounded Earth,,Yes,,Yes,Yes,I went to food pantries and received emergency food boxes LESS often,,,,,,,,Yes,Yes,,Yes,No,Yes,Yes,Unsure,I was MORE physically active because of the garden,It was my first year that I didn't have to buy tomatoes and I even had enough to freeze them.,How to maintain a vegetable garden,,"I love the way Isabel is, she is always very kind and is always in communication with the group.",,,"Saving money, and being able to eat from my harvest.",Yes,,"Yes, Age 6-12, Yes, Age 13-17",Their interest increased,"Faubion, Roosevelt",Yes,,,Yes,
2022,Isabel (Cully/Parkrose),High Raised Bed (2ft tall),,Yes,,Yes,Yes,Stay the same as before I had my garden,,,,,,,,Yes,Yes,,Yes,No,No,Yes,Yes,I was MORE physically active because of the garden,"Different types of tomatoes, tomatillos, jalapenos, serrano peppers, flowers, papalos.",How to make natural herbal remedies and creams with natural herbs natural cleaning liquids,,"Good,",,,"Chiles, tomatoes, papalos, tomatillos, and flowers.",Yes,,"Yes, Age 6-12",Their interest increased,Portland Village School,No,I was too busy to attend,,Yes,
2022,Carolina (North Clackamas),High Raised Bed (2ft tall),,Yes,,Yes,Yes,I went to food pantries and received emergency food boxes LESS often,,,,,,,,Yes,Yes,,Yes,Yes,Yes,Yes,Yes,I was MORE physically active because of the garden,Fantastic,About mushrooms and preserves,,Good,,,Harvesting,Yes,,"Yes, Under 5, Yes, Age 6-12, Yes, Age 13-17",Their interest increased,,Yes,,,Yes,
2022,Carolina (North Clackamas),In-Ground/Mounded Earth,,Yes,,Yes,Yes,I went to food pantries and received emergency food boxes LESS often,,,,,,,,Yes,Yes,,Yes,Yes,Yes,Yes,Yes,I was MORE physically active because of the garden,"Harvesting with my family is wonderful. Besides the care we give them, like feeding them, watering them and watching them grow. Then we cooked them in different dishes to share.",Planting more in winter,,Good,,,Eating fresh vegetables,Yes,,"Yes, Age 13-17",Their interest increased,Milwaukie,No,I was too busy to attend,,Yes,
2022,Angelica (East Portland/Gresham),Containers,,Yes,,Yes,Yes,I went to food pantries and received emergency food boxes LESS often,,,,,,,,Yes,Yes,,Yes,No,Yes,Yes,Yes,I was MORE physically active because of the garden,It was a wonderful thing to cut your own harvest and what made me sad was that my tomatillos were not full and I didn't harvest them.,Planting often,,Good relationship and there are more trainings to learn more.,,,Growing my chiles and tomatoes,Yes,,"Yes, Under 5, Yes, Age 6-12",Their interest increased,Powell Valley,Yes,,,No,
2022,Carolina (North Clackamas),Containers,,Yes,Si cultive,Yes,Yes,I went to food pantries and received emergency food boxes LESS often,,,,,,,,Yes,Yes,,Yes,Yes,Yes,Yes,Yes,I was MORE physically active because of the garden,"Like every year I always harvest, although this year it was less productive due to the change of weather since there was not much autumn.",Training on how to plant and fertilize.,,Great,,,It's when I'm growing my vegetables,Yes,,No,I don't have children,,Yes,,,Yes,
2022,Carolina (North Clackamas),Containers,,Yes,,Yes,Yes,I went to food pantries and received emergency food boxes LESS often,,,,,,,,Yes,Yes,,Yes,Yes,Yes,Yes,Yes,I was MORE physically active because of the garden,"This year the most successful was my jalapeno peppers, something new I was able to work on with more children.",I would love to have workshops on ingesting fruit or vegetable plants.,,Very good she is a very nice person,,,Growing my vegetables,Yes,,No,I don't have children,,Yes,,,Yes,
2022,Angelica (East Portland/Gresham),Community Garden,,Yes,,Yes,Yes,I went to food pantries and received emergency food boxes LESS often,,,,,,,,Yes,Yes,,Yes,Yes,Yes,Yes,Yes,I was MORE physically active because of the garden,something new that I was able to work with more children.,I don't know,,Thank you she is a very good organizer Thank you,,,Favorite part is harvesting and sharing,Yes,,"Yes, Age 6-12",Their interest increased,Park Lane,Yes,,,No,
2022,Gabi (North Clackamas),In-Ground/Mounded Earth,,Yes,,Yes,Yes,I went to food pantries and received emergency food boxes LESS often,,,,,,,,Yes,Yes,,Yes,Yes,Yes,Yes,Yes,I was MORE physically active because of the garden,"It was a wonderful experience and my children and I enjoyed the whole process very much. We had the opportunity to plant tomatoes, squash, lettuce, and fortunately we had an abundant harvest.",Workshop on pest control.,,"Gabi has been an excellent guide, always sharing information and answering any questions.",,,"Seeing my children so focused on learning something new, and enjoying the fresh fruits.",Yes,,"Yes, Under 5, Yes, Age 6-12",Their interest increased,Riverside,No,I was too busy to attend,,No,
2022,Angelica (East Portland/Gresham),Raised bed Lead Free,,Yes,,Yes,Yes,I went to food pantries and received emergency food boxes LESS often,,,,,,,,Yes,Yes,,Yes,Yes,Yes,Yes,Yes,I was MORE physically active because of the garden,I did grow squash and tomatoes 🍅 chile 🌶 cilantro and blue berries.,Pest control and prevention,,She is very attentive and keeps us informed.,,,"Mental health, and the joy of growing my own vegetables,",Yes,,"Yes, Under 5, Yes, Age 6-12",Their interest increased,Gresham Barlow,Yes,,,Yes,
2022,Angelica (East Portland/Gresham),In-Ground/Mounded Earth,,Yes,,Yes,Yes,I went to food pantries and received emergency food boxes LESS often,,,,,,,,Yes,Yes,,Yes,Yes,Yes,Yes,Yes,I was MORE physically active because of the garden,Knowing what you grow is what you eat.,I still have a hard time organizing my garden. I want to keep learning more.,,Having better communication and helped others to sow.,,,Watching and cleaning and harvesting the fruit and vegetables.,Yes,,"Yes, Age 13-17",Their interest increased,Davis Douglas,Yes,I never received an invite to a workshop,,No,
2022,Angelica (East Portland/Gresham),In-Ground/Mounded Earth,,Yes,,No,Yes,I went to food pantries and received emergency food boxes LESS often,,,,,,,,Yes,Yes,,No,Yes,Yes,No,Yes,I was MORE physically active because of the garden,"We planted cilantro, tomatoes and chiles. The cilantro grew very well but the chili and tomatoes grew very slow and we only harvested very little and the cold weather came.",How to compose the soil for better production,,We don't talk that much. Only about the garden.,,,It is so much fun to watch each stage and learn and see how the plants grow.,Yes,,"Yes, Under 5, Yes, Age 6-12",Their interest increased,Mill Park,Yes,,,No,
2022,Angelica (East Portland/Gresham),Containers,,Yes,,Yes,Yes,Stay the same as before I had my garden,,,,,,,,Yes,Yes,,Yes,No,No,No,No,I was MORE physically active because of the garden,"Very nice because we harvested tomato, blueberry, chili and chili peppers.",Cooking and more about gardening or everything a little bit.,,Good,,,Watering and harvesting and gardening with my family.,Yes,,"Yes, Under 5",Their interest didn't change,,Yes,,,No,
2022,Carolina (North Clackamas),In-Ground/Mounded Earth,,Yes,,Yes,Yes,I went to food pantries and received emergency food boxes LESS often,,,,,,,,Yes,Yes,,No,No,Yes,Yes,Yes,I was MORE physically active because of the garden,"We are used to seeing our vegetables every year, when the vegetables are ready for harvest and I bring them fresh to the table it is very gratifying to see them in all their splendor and it motivates us to plant for next year, the truth; I feel very nice to cut fruits from my own garden and with my own effort.",How to produce more on the cococha such as how we should use compost.,,She is very good. Keeping me informed of activities,,,"It fills me with joy to see everything green, it gives me life, it de-stresses me. Etc",Yes,,"Yes, Age 13-17",Their interest increased,Milwaukie,No,I was too busy to attend,,Yes,
2022,Carolina (North Clackamas),In-Ground/Mounded Earth,,Yes,,Yes,Yes,I went to food pantries and received emergency food boxes LESS often,,,,,,,,Yes,Yes,,Yes,No,Yes,Yes,Yes,I was MORE physically active because of the garden,It was great,Vegetarian food preparation,,It's very good.,,,Sharing,Yes,,"Yes, Age 6-12, Yes, Age 13-17",Their interest increased,CTK,Yes,,,Yes,
2022,Angelica (East Portland/Gresham),In-Ground/Mounded Earth,,Yes,,Yes,Yes,I went to food pantries and received emergency food boxes LESS often,,,,,,,,Yes,Yes,,Yes,Yes,Yes,Yes,Yes,I was MORE physically active because of the garden,Every year we always look forward to the planting season and this year we planted verengenas and a chayote and my children really enjoy cutting the vegetables.,Preserving,,Better,,,Picking vegetables,Yes,,"Yes, Age 6-12",Their interest increased,Powell Butte,No,I was too busy to attend,,Yes,
2022,Isabel (Cully/Parkrose),Containers,,Yes,,Yes,Yes,Stay the same as before I had my garden,,,,,,,,Yes,Yes,,No,Yes,No,No,No,I was MORE physically active because of the garden,The weather,Sewing vegetables,,Very good,,,Watching my tomatoes grow,Yes,,"Yes, Age 13-17",Their interest didn't change,Parkrose,Yes,,,Yes,
2022,Isabel (Cully/Parkrose),In-Ground/Mounded Earth,,Yes,Coseche frijoles betabel cebolla y flores escribe experiencia,Yes,Yes,I went to food pantries and received emergency food boxes LESS often,,,,,,,,Yes,Yes,,Yes,Yes,Yes,Yes,Yes,I was MORE physically active because of the garden,My experience this year is that my children helped me clean my plot.,Succeeding when always in pots,,She is very friendly and always there for any questions.,,,Beets beans beets flowers and onions,Yes,,"Yes, Age 13-17",Their interest increased,,No,I was too busy to attend,,Yes,
2022,Camilo (North Portland),Raised bed Lead Free,,Yes,,Yes,Stayed the same,Stay the same as before I had my garden,,,,,,,,Yes,Yes,,No,No,Yes,Yes,Yes,I was MORE physically active because of the garden,WE LIKE TO HARVEST ORGANIC VEGETABLES,I would like to look into healthy food workshops.,,"Very good, giving us information about something new.",,,Enjoying time in the garden,Yes,,"Yes, Age 13-17",Their interest didn't change,Faubion,Yes,,,No,
2022,Camilo (North Portland),Raised bed Lead Free,,Yes,,No,Yes,I went to food pantries and received emergency food boxes LESS often,,,,,,,,Yes,Yes,,Yes,Yes,Unsure,Yes,Yes,I was MORE physically active because of the garden,"Zucchini’s, tomates, cilantro",Healing plants,,Good,,,Eating fresh vegetables,No,,"Yes, Age 6-12",Their interest increased,"San andres Nativity, woodlawn",No,I was unable to attend due to technology reasons.,,No,
2022,Camilo (North Portland),Raised bed Lead Free,,Yes,,Yes,Yes,I went to food pantries and received emergency food boxes LESS often,,,,,,,,Yes,Yes,,Yes,Yes,Yes,Yes,Yes,I was MORE physically active because of the garden,Every year is special but successful,How to grow different types of tomatoes,,"Very good, he is a very nice person",,,Knowing that certain plants require more sun,Yes,,"Yes, Age 6-12",Their interest increased,Beach school,Yes,,,Yes,
2022,Angelica (East Portland/Gresham),In-Ground/Mounded Earth,,Yes,,Yes,Yes,I went to food pantries and received emergency food boxes LESS often,,,,,,,,Yes,Yes,,Yes,Yes,Yes,Yes,Yes,I was MORE physically active because of the garden,Enjoying crops,Technology workshop,,Good,,,Spending time with my family,Yes,,"Yes, Age 6-12",Their interest increased,,No,I was unable to attend due to technology reasons.,,No,
2022,Carolina (North Clackamas),In-Ground/Mounded Earth,,Yes,,Yes,Yes,I went to food pantries and received emergency food boxes LESS often,,,,,,,,Yes,Yes,,Yes,No,Yes,Yes,Yes,I was MORE physically active because of the garden,Everything in general went very well.,How to grow,,Very good,,,The favorite part was the harvest season.,Yes,,"Yes, Age 6-12, Yes, Age 13-17",Their interest increased,,Yes,,,Yes,
2022,Carolina (North Clackamas),In-Ground/Mounded Earth,,Yes,,Yes,Yes,I went to food pantries and received emergency food boxes LESS often,,,,,,,,Yes,Yes,,Yes,No,Yes,Yes,Yes,I was MORE physically active because of the garden,"“Tomatoes and chilies of various varieties, eggplants, garlic, squash, lettuce, onions and tomatillos, the last two were the most difficult. On the other hand tube strawberries and blackberries.",Canning,,Good,,,The satisfaction of growing what we eat as a family.,Yes,,No,Their interest increased,,Yes,,,Yes,
2022,Isabel (Cully/Parkrose),In-Ground/Mounded Earth,,Yes,,Yes,Yes,Stay the same as before I had my garden,,,,,,,,Yes,No,,Unsure,Yes,Unsure,Unsure,Unsure,Stay the same as before I had my garden,My family and I are very happy and united working and harvesting from our garden.”,Planting seasons for each crop.,,Good,,,I don't know,Yes,,"Yes, Age 13-17",Their interest increased,,Yes,,,No,
2022,Isabel (Cully/Parkrose),Containers,,Yes,,Yes,Yes,Stay the same as before I had my garden,,,,,,,,Yes,Yes,,No,Yes,No,No,Yes,I was MORE physically active because of the garden,It's my first season,How to bottle vegetables,,Very good communication,,,That you had them very close to me,Yes,,"Yes, Age 13-17",Their interest didn't change,Parkrose,Yes,,,Yes,
2022,Isabel (Cully/Parkrose),Containers,,Yes,,Yes,Yes,I went to food pantries and received emergency food boxes LESS often,,,,,,,,Yes,Yes,,Yes,Yes,Yes,Yes,Yes,I was MORE physically active because of the garden,The difficult part was the weather because we planted a little late.,Knowing how to grow more vegetables,,Good,,,Shopping with my family more,Yes,,"Yes, Age 13-17",Their interest increased,Roosevelt,Yes,,,Yes,
2022,Isabel (Cully/Parkrose),Community Garden,,Yes,,Yes,Yes,I went to food pantries and received emergency food boxes MORE often,,,,,,,,Yes,Yes,,No,Yes,Yes,No,Yes,I was MORE physically active because of the garden,It was very nice to share as a family and see what we planted grow.,How to sow what we sow,,"She supports us very well with all the plants, seeds and tools, she is always sharing the necessary information for our garden.",,,Harvesting my vegetables together with my girls,Yes,,"Yes, Age 6-12",Their interest increased,Madeleine,Yes,,,Yes,
2022,Isabel (Cully/Parkrose),In-Ground/Mounded Earth,,Yes,,Yes,Yes,Stay the same as before I had my garden,,,,,,,,Yes,Yes,,No,No,Yes,No,No,I was MORE physically active because of the garden,It is very good to harvest our own vegetables and it feels good to cut our own vegetables.,Learn what kind of seeds reproduce again without sowing them again,,She is good,,,Having fresh bermudas,Yes,,No,Their interest increased,,Yes,,,Yes,
2022,Isabel (Cully/Parkrose),Community Garden,,Yes,,Yes,Yes,I went to food pantries and received emergency food boxes LESS often,,,,,,,,Yes,Yes,,Yes,Yes,Yes,Yes,Yes,I was MORE physically active because of the garden,It was an experience. New for me,Pre-cultural workshop,,Good,,,Seeing that we always have some of what we sowed,Yes,,"Yes, Under 5, Yes, Age 6-12",Their interest increased,Dr. Martin Luther King,Yes,,,Yes,
2022,Isabel (Cully/Parkrose),In-Ground/Mounded Earth,,Yes,,Yes,Yes,I went to food pantries and received emergency food boxes LESS often,,,,,,,,Yes,Yes,,Yes,Unsure,Yes,Yes,Yes,I was MORE physically active because of the garden,My family likes it very much. Especially my husband because it de-stresses him.,I don't have any in mind,,Good communication,,,"Knowing that it is fresh, organic. It's rewarding to watch them grow",Yes,,"Yes, Age 6-12",Their interest increased,Portland Village,No,I was too busy to attend,,Yes,
2022,Isabel (Cully/Parkrose),In-Ground/Mounded Earth,,Yes,Soy. Nuevo,No,Stayed the same,Stay the same as before I had my garden,,,,,,,,Stayed the same,Stayed the same,,No,Unsure,Unsure,No,Unsure,Stay the same as before I had my garden,We are eating healthier,About mushrooms,,Well the person. Who told me about the. Program. Is. Very. Good at explaining.,,,That I learned that what I sow. Is of much. Time. In. Harvesting the crop,No,,"Yes, Age 6-12",Their interest didn't change,Meadows,Yes,,,Yes,
2022,Isabel (Cully/Parkrose),High Raised Bed (2ft tall),,Yes,,Yes,Yes,I went to food pantries and received emergency food boxes LESS often,,,,,,,,Yes,Yes,,Yes,No,Yes,Yes,Yes,I was MORE physically active because of the garden,"We took advantage of everything that was grown in the garden, growing tomatoes, peas, green beans, onions, lettuce, tomatoes, peppers, squash, pumpkins, kelites, strawberries, rasberris, cucumbers, and garlic with success.","Any. Any kind of vegetables and. What. Give examples of seeds, soil etc.",,"Good, always attentive and attentive to provide as much as possible of material and plants with information for the garden.",,,harvesting the product that had growing problems at the beginning and with compost information by the garden Gia the product was achieved.,Yes,,"Yes, Age 6-12, Yes, Age 13-17",Their interest increased,,Yes,,,Yes,
2022,Isabel (Cully/Parkrose),Community Garden,,Yes,,Yes,Stayed the same,I went to food pantries and received emergency food boxes LESS often,,,,,,,,Yes,Yes,,Yes,Yes,Unsure,No,Yes,I was MORE physically active because of the garden,Always with joy to pick the vegetables,"Preparation of household and body cleaning products, natural.",,She is a good person and always shares all the resources and also the workshops.,,,When it is time to harvest,Yes,,"Yes, Age 6-12",Their interest increased,Madeleine,Yes,,,Yes,
2022,Isabel (Cully/Parkrose),In-Ground/Mounded Earth,,Yes,,Yes,Stayed the same,Stay the same as before I had my garden,,,,,,,,Yes,Stayed the same,,No,No,No,No,Yes,Stay the same as before I had my garden,I am. New and. We plant garlic only and. It gives excitement of. Waiting for. The results,Learn more about various types of seeds,,She is. A person who explains. Very. Well. and. is. always. Accessible,,,Put the seeds,Yes,,"Yes, Age 6-12",Their interest didn't change,Centennial,Yes,,,Yes,
2022,Angelica (East Portland/Gresham),In-Ground/Mounded Earth,,Yes,"Tengo un problema físico (espalda, rodillas, etcétera)",Yes,Yes,I went to food pantries and received emergency food boxes LESS often,,,,,,,,Yes,Yes,,Yes,No,Yes,No,Yes,I was MORE physically active because of the garden,The hardest part was the weather,As. As. Be. New. I. I. Would. Learn with examples,,She is very good.,,,To the side of the yard.,Yes,,"Yes, Age 6-12",Their interest increased,,Yes,,,Yes,
2022,Angelica (East Portland/Gresham),In-Ground/Mounded Earth,,Yes,,No,Stayed the same,Stay the same as before I had my garden,,,,,,,,Yes,Stayed the same,,Yes,Yes,No,No,Yes,I was MORE physically active because of the garden,"This year we grew less vegetables than last year, but we had a lot of success with cilantro.","“More, how to prepare the soil better. How to know when to sow spatially in this state.”",,My relationship with my organizer I think is good and he could support me better if he could make sure he gets messages to all of us who participate.,,,When we started eating fresh cilantro from the garden and I was able to share some.,Yes,,"Yes, Age 13-17",Their interest increased,"Gordon Russell, Sam Barlow",Yes,,,No,
2022,Angelica (East Portland/Gresham),In-Ground/Mounded Earth,,Yes,,Yes,Yes,Stay the same as before I had my garden,,,,,,,,Yes,Yes,,Yes,No,Unsure,Yes,Yes,I was MORE physically active because of the garden,"Tomatoes and Chile's, all good.",How to prune fruit trees? When to harvest fruits and vegetables?,,Good.,,,The harvest.more,Yes,,No,I don't have children,,No,I was too busy to attend,,No,
2022,Angelica (East Portland/Gresham),In-Ground/Mounded Earth,,Yes,,Yes,Yes,I went to food pantries and received emergency food boxes LESS often,,,,,,,,Yes,Yes,,No,Yes,Unsure,No,Yes,I was MORE physically active because of the garden,"It was good, but not good enough because my plants grew too slow and I didn't have a good harvest.",Anytime open...,,"We didn't talk, only when it was the distribution of plants I saw her.",,,Being able to involve my girls in the process.,Yes,,"Yes, Under 5, Yes, Age 6-12",Their interest increased,Mill Park,Yes,,,No,
2022,Angelica (East Portland/Gresham),In-Ground/Mounded Earth,,Yes,,Yes,Yes,Stay the same as before I had my garden,,,,,,,,Yes,No,,Yes,No,Yes,Yes,Yes,I was MORE physically active because of the garden,"I enjoyed planting and taking care of the plants, not all of them gave fruit maybe because I didn't take good care of them since it was my first year planting.","Kitchen, types of plants to grow according to the season",,Angelica is very nice and always asks me if I need anything about the garden.,,,Getting to know new plants and the time they need to grow.,Yes,,"Yes, Age 13-17",Their interest didn't change,David Douglas,Yes,,,No,
2022,Angelica (East Portland/Gresham),In-Ground/Mounded Earth,,Yes,,Yes,Yes,I went to food pantries and received emergency food boxes LESS often,,,,,,,,Yes,Yes,,Yes,No,Yes,Yes,Yes,I was MORE physically active because of the garden,It was good and beneficial,No,,good,,,Family togetherness and eating fresh fruits.,Yes,,"Yes, Age 13-17",Their interest increased,Reynolds,No,I was unable to attend due to technology reasons.,,No,
2022,Angelica (East Portland/Gresham),In-Ground/Mounded Earth,,Yes,,Yes,Yes,Stay the same as before I had my garden,,,,,,,,Yes,Stayed the same,,Yes,Yes,Yes,No,Yes,I was MORE physically active because of the garden,It was my first time so I didn't have much of a harvest but it was very nice to grow all kinds of vegetables...,medicinal plants,,good relationship,,,I was able to get rid of stress and eat healthier and fresher food.,Yes,,No,I don't have children,,Yes,,,No,
2022,Isabel (Cully/Parkrose),In-Ground/Mounded Earth,,Yes,,Yes,Yes,I went to food pantries and received emergency food boxes LESS often,,,,,,,,Yes,Yes,,Yes,Yes,Yes,Yes,Yes,I was MORE physically active because of the garden,We learned more about planting,"At what distance to plant, watering and more tips.",,Good,,,Watching my plants grow,Yes,,"Yes, Age 13-17",Their interest increased,Roosevelt,Yes,,,Yes,
2022,Angelica (East Portland/Gresham),High Raised Bed (2ft tall),,Yes,,Yes,Stayed the same,Stay the same as before I had my garden,,,,,,,,Yes,No,,Yes,Unsure,Unsure,No,Yes,I was MORE physically active because of the garden,My children's participation,Food,,It was good,,,"Flowers, dad, watching the plants grow is a marvel.",Yes,,"Yes, Age 13-17",Their interest increased,,Yes,I was too busy to attend,,No,
2021,Gabi (North Clackamas),In-Ground/Mounded Earth,,Yes,,Yes,Yes,I went to food pantries and received emergency food boxes LESS often,,,,,,,,"Yes, I know more than I did before",Stayed the same,,Yes,Yes,Yes,No,Yes,I was MORE physically active because of the garden,It was good we were able to have a variety of veggies in the garden ,Not sure,,Good,,,Getting and planting the starts,Yes,,,Their interest increased,Online and Holcomb elementary ,No,I was too busy to attend,Not sure,Yes,
2021,Gabi (North Clackamas),In-Ground/Mounded Earth,,Yes,,Yes,Yes,I went to food pantries and received emergency food boxes LESS often,,,,,,,,"Yes, I know more than I did before",Stayed the same,,Not sure,Not sure,Yes,Not sure,Yes,I was MORE physically active because of the garden,"Tomato, potato, garlic, zukini, broccolli, strawberry, eggplant, kale, carrot, Tomatillo, bluberry, grape",How to make things to hold big tomato tree,,She is great!,,,"Planting, watering, making garden more beautiful by the time",Yes,,,Their interest increased,Rock Creek MS,Yes,,Give more variety of plants and seeds,Yes,
2021,Gabi (North Clackamas),In-Ground/Mounded Earth,,Yes,,Yes,Yes,Stay the same as before I had my garden,,,,,,,,"Yes, I know more than I did before",Stayed the same,,No,Yes,Yes,No,Yes,I was MORE physically active because of the garden,"Grew tomatoes, sunflowers, peppers, lettuce, blueberries, carrots - I thought it went well.",Cooking fresh ,,Great. We loved Gabi.,,,"Learning, having an excuse to be outside ",Yes,,,Their interest increased,"Candy Lane, Skopos Christian ",No,I was too busy to attend,?,Yes,
2021,Shaquoya (East Portland/Gresham),In-Ground/Mounded Earth,,Yes,,Yes,Yes,I went to food pantries and received emergency food boxes LESS often,,,,,,,,"Yes, I know more than I did before","Yes, I know more than I did before",,Yes,Yes,Yes,Yes,Yes,Stay the same as before I had my garden,,All,,Good ,,,Watching them grow,Yes,,,Their interest didn't change,,No,I was unable to attend for technological reasons,N/A,Yes,
2021,Shaquoya (East Portland/Gresham),In ground and containers.,,Yes,,Yes,Yes,Stay the same as before I had my garden,,,,,,,,"Yes, I know more than I did before","Yes, I know more than I did before",,Yes,No,Yes,Yes,Yes,I was MORE physically active because of the garden,"I learned a lot about my yard. Sunlight, water access, all of the things I need to increase my success. I grew tomatoes, green beans, beets, carrots, cucumbers, peppers, peas, brussel sprouts. Some berries, herbs and flowers. This winter I have kale, spinach, chard, beets, pea shoots, broad beans. A few from your program whose labels faded but I think are broccoli and collards. .","Seed saving. The challenges of watering in Portland specifically, the differences each season can require.",,"It was an unfortunate year, not being able to do much in person. Shaquaya has been very nice.",,,"The first sign of a shoot pushing through the ground, I was thrilled every single time :)  Having something that encouraged me to go outside. Sharing pictures of my garden. I learned so much about soil health.",Yes,,,I don't have children,,Yes,,Touring some experienced local gardener’s gardens. Foraging opportunities and information about participating in plant or seed swaps in the area to help us get connected with the existing gardening communities near us.,No,
2021,Gabi (North Clackamas),In-Ground/Mounded Earth,,Yes,,Yes,Stayed the same,Stay the same as before I had my garden,,,,,,,,"Yes, I know more than I did before",Stayed the same,,No,Yes,No,No,Yes,Stay the same as before I had my garden,"Slow start, first year with bed in the yard. No harvest yet but all's growing well. ",Crop Rotation and complementary plants,,Gabi is very helpful,,,Starting the space up. ,No,,,I don't have children,,No,I was too busy to attend,Cooking classes. ,Yes,
2021,Shaquoya (East Portland/Gresham),Raised bed Lead Free,,Yes,,Yes,Yes,I went to food pantries and received emergency food boxes LESS often,,,,,,,,"Yes, I know more than I did before","Yes, I know more than I did before",,Yes,No,Yes,Yes,Yes,I was MORE physically active because of the garden,"Gardening greatly helped my own mental health struggles with PTSD and Depression.  Having this garden to work on also gave me an excuse to be outside and move my  body around.  While my health is extremely limited and my income just as much so, Gardening had been a wonderful thing in my life and I am very lucky with the space I have.",Any and all.,,Amazing and I could not think of anything more to ask.,,,The Herbs.  Fresh flavour all year while cooking.,Yes,,,I don't have children,NA for now,No,Health reasons,I can think of nothing.,Yes,
2021,Shaquoya (East Portland/Gresham),Containers,,Yes,,Yes,Yes,I went to food pantries and received emergency food boxes LESS often,,,,,,,,"Yes, I know more than I did before","Yes, I know more than I did before",,Yes,No,Yes,Yes,Yes,I was MORE physically active because of the garden,I feel like we did a little better than the year before with Shaqoyas guidance,"Any, I really love gardening",,She is an email away and always offers tips,,,Learning from Shaqoya and how excited the kids were about planting and watching stuff grow,Yes,,,Their interest increased,Cherry Park Elem,No,I had to work,I think its good,Yes,
2021,Cat (North Portland),Containers,,Yes,,No,Stayed the same,I went to food pantries and received emergency food boxes MORE often,,,,,,,,"Yes, I know more than I did before",Stayed the same,,No,No,No,Yes,No,I was MORE physically active because of the garden,Exciting and scary. Some things grow well and some things did not. I think it's because I got started late because this was a very first time me planning anything and not knowing what to do.,Not sure,,I think she was fine.,,,Seeing it produce,Yes,,,I don't have children,,No,I was too busy to attend,Not sure,No,
2021,Cat (North Portland),In-Ground/Mounded Earth,,Yes,,Yes,Yes,I went to food pantries and received emergency food boxes LESS often,,,,,,,,"Yes, I know more than I did before","Yes, I know more than I did before",,Yes,Yes,Yes,Yes,Yes,I was MORE physically active because of the garden,"I grew greens, tomatoes, tomatillos, hibiscus, eggplant, squash, cucumbers, green beans, sweet peas, corn, strawberries, salad mix, broccoli, peppers, and herbs....lots of herbs. 

I felt successful yes but struggled a lot moving into the winter months. I failed my beets, and the neighborhood cats are taking over one of my beds so idk what to do with all of their pooping. 

Also my hibiscus died and I want to figure out how to try again and keep it alive next year. The other struggle I'm having is that my collards are TINY why such little leaves? I think I need soil quality help. ",More help with transitioning into the next season.,,It's good/ish. I wish there was more in person interaction but I know that's due to the pandemic.,,,"Being in the garden, seeing my yard transform, just spending time with the plants mostly, and feeling like I had something other than a smile or hello to offer my neighbors, especially my houseless neighbors. ",Yes,,,Their interest increased,Jefferson High School and The Village Free School,Yes,,Help with getting good soil and wood chips.,No,
2021,Shaquoya (East Portland/Gresham),Containers,,Yes,,Yes,Stayed the same,I went to food pantries and received emergency food boxes LESS often,,,,,,,,"Yes, I know more than I did before","Yes, I know more than I did before",,Yes,Yes,Yes,No,Yes,I was MORE physically active because of the garden,Yes we did but most of our product was stolen before we could enjoy it. ,Unknown ,,She is wonderful ,,,Seeing my son enjoy gardening ,Yes,,,Their interest increased,Centennial virtual academy ,No,I was too busy to attend,Teach canning,No,
2021,Cat (North Portland),In-Ground/Mounded Earth,,Yes,,No,No,Stay the same as before I had my garden,,,,,,,,Stayed the same,Stayed the same,,No,No,No,No,No,Stay the same as before I had my garden,"Fall install. I haven’t been in my home for 4 months, so I haven’t even able to start my garden","Basics, what tools are needed, what to grow during the seasons ",,Ok. Awareness of first time gardeners classes,,,I haven’t been able to garden yet,No,,,Their interest didn't change,Kayla-17 and Desaugi-14,No,I never received an invite to a workshop,"Virtual classes, 1 on 1 assistance or mentoring ",Yes,
2021,Cat (North Portland),Raised bed Lead Free,,No,"Physical problems (sore back, knees, etc.)",Yes,Stayed the same,Stay the same as before I had my garden,,,,,,,,Stayed the same,Stayed the same,,Not sure,Not sure,Not sure,Not sure,Not sure,Stay the same as before I had my garden,,Starters and when to start seeds,,Great!,,,We got to benefit from produce shared even though I was unable to grow our own this year do to illness,No,,,Their interest increased,Faubion,No,Work,It is already a great program,Yes,
2021,Shaquoya (East Portland/Gresham),High Raised Bed (2ft tall),,Yes,,Yes,Stayed the same,Stay the same as before I had my garden,,,,,,,,"Yes, I know more than I did before",Stayed the same,,Yes,No,Yes,No,Yes,Stay the same as before I had my garden,"I grew Cucumbers, Tomatoes, Strawberries, Lettuces, Basil, Cilantro. I felt successful for summer months. I also received greens for fall growing, that was not successful, the greens never grew to harvest.",Pest control,,"She is the best! She is organized, communicates well, always give me plenty of notice (when possible) for collecting starts and seeds. AND even was able to drop off the produce boxes on my porch which was so helpful for a busy working single mom like myself!",,,"Our family eating yummy, fresh produce.",Yes,,,Their interest increased,Creative Science School,No,Can't remember is I received an invite,Check in about needed tools after a couple years. I needed to buy a new hose this year.,Yes,
2021,Isabel (Cully/Parkrose),In-Ground/Mounded Earth,,Yes,,Yes,Yes,I went to food pantries and received emergency food boxes MORE often,,,,,,,,"Yes, I know more than I did before","Yes, I know more than I did before",,Yes,Yes,Yes,Yes,Yes,I was MORE physically active because of the garden,It’s was a good experience. Been about 3-4 years doing gardening here and I enjoy it.,More gardening tips,,It is really good. She’s always there to help ,,,Seeing all the plants grow ,No,,,Their interest increased,Park rose high school ,No,I was unable to attend for technological reasons,Nothing everything is great ,Yes,
2021,Cat (North Portland),Containers,,Yes,,Yes,Stayed the same,I went to food pantries and received emergency food boxes MORE often,,,,,,,,"Yes, I know more than I did before",Stayed the same,,No,No,No,Yes,No,I was LESS physically active  because of the garden,Not sure of my feelings about it,Not sure,,She's wonderful,,,Seeing my plants grow,Yes,,,I don't have children,,No,I didn't want to,Not sure,No,
2021,Carolina (North Clackamas),High Raised Bed (2ft tall),,Yes,,Yes,Yes,I went to food pantries and received emergency food boxes LESS often,,,,,,,,"Yes, I know more than I did before","Yes, I know more than I did before",,Yes,Yes,Yes,Yes,Yes,I was MORE physically active because of the garden,"We grow cilantro, bell peppers, tomatoes, tomatillos and special was some Carolina reaper peppers.",Cooking ,,Good relationship ,,,Being outside ,Yes,,,Their interest increased,"Milwaukie high school, Rowe middle school ",Yes,,More plants ,Yes,
2021,Shaquoya (East Portland/Gresham),High Raised Bed (2ft tall),,No,"Physical problems (sore back, knees, etc.), Not enough help from Growing Gardens",Yes,Stayed the same,Stay the same as before I had my garden,,,,,,,,Stayed the same,Stayed the same,,Yes,No,No,No,No,Stay the same as before I had my garden,Tomatoes grew well just in their small pots. Nothing planted in raised bed so all plants stayed in their pots. ,"Basic skills for planting a raised bed,so plants are in positions for best growth. What to be aware of during growing season (diseases, insects) .",,I would like my organizer or someone from Growing Gardens to assist me in planting my garden because of current physical limitations. ,,,"I enjoyed getting the plants, having tomatoes and receiving food boxes",Yes,,,I don't have children,,No,I never received an invite to a workshop,Have nothing to add at this time,Yes,
2021,Cat (North Portland),High Raised Bed (2ft tall),,Yes,,Yes,Yes,Stay the same as before I had my garden,,,,,,,,"Yes, I know more than I did before","Yes, I know more than I did before",,Yes,Yes,Yes,Yes,Yes,I was MORE physically active because of the garden,"This year I had plenty of tomatoes, greens, peppers, kale and garlic.  My tomatoes did amazing, I had so many tomatoes, I was able to share them with friends and neighbors  and I did freeze a good amount.  I loved the variety I had this year, they were wonderful. ","I could use some information on why some of my vegetables did not flourish, i.e my cabbage and my greens did not do well, not sure what I was doing wrong,",,"Cat has been amazing, she brought mulch to my home and up my stairs when I was not able to do so, I am sure that was not part of her duties, but she was willing to assist me.  i am so grateful for her generosity. ",,,"Watching my garden flourish, it is great to see the seeds sprout and the starts begin to blossom and produce.  It also gave me great pleasure to interact with neighbors and passenger by's that comment on the garden, also to share the bounty with others and possibly encourage them to garden as well  ",Yes,,,I don't have children,,No,I was too busy to attend,I can't think of anything else that the program could do but continue in their fine work   ,No,
2021,Isabel (Cully/Parkrose),In-Ground/Mounded Earth,,Yes,,Yes,Yes,Stay the same as before I had my garden,,,,,,,,"Yes, I know more than I did before",Stayed the same,,Yes,Yes,Yes,Yes,Yes,I was MORE physically active because of the garden,,How grown mushrooms ,,"Good, she is a communicative person ",,,The habanero ,Yes,,,Their interest didn't change,Village school ,Yes,,How prepare tinted from plants ,Yes,
2021,Camilo (North Portland),In ground and raised bed ,,Yes,,Yes,Yes,Stay the same as before I had my garden,,,,,,,,"Yes, I know more than I did before","Yes, I know more than I did before",,Yes,Yes,Yes,Yes,Yes,I was MORE physically active because of the garden,"It was great! We grew acorn squash, cucumber, eggplant, greens, tomatoes, corn, radish",Not sure ,,We have a great relationship with Camilllo. He has been very supportive!,,,Pulling weeds and harvesting ,Yes,,,Their interest increased,Our daughter graduated Jefferson 2020,No,I was too busy to attend,It seems like a great program,No,
2021,Cat (North Portland),In-Ground/Mounded Earth,,Yes,,Yes,Yes,I went to food pantries and received emergency food boxes MORE often,,,,,,,,"Yes, I know more than I did before","Yes, I know more than I did before",,Yes,Yes,Yes,Yes,Yes,I was MORE physically active because of the garden,,Test,,Test,,,Test,Yes,,,Their interest increased,,Yes,,Test,Yes,
2021,Cat (North Portland),In-Ground/Mounded Earth,,No,"Physical problems (sore back, knees, etc.), It was my first year and I had a baby in April and hurt my hip and didn’t know how to garden. Just overwhelmed.",No,Stayed the same,Stay the same as before I had my garden,,,,,,,,Stayed the same,Stayed the same,,Not sure,Yes,Not sure,Not sure,Not sure,Stay the same as before I had my garden,,Anything to help me very started. Really want to garden this next year if I’m physically able to,,"It was tough with the change as I didn’t yet really know and then had the baby and injury and been struggling to get the garden going. Not Cat’s fault at all, I just didn’t really want to bother and no idea how to get it going. Just was really struggling",,,My daughter helped out neighbor with their trees,No,,,Their interest increased,Paisley DLP,No,"I don’t remember if I knew, but I had a baby and am accident",More assistance to get started,Yes,
2021,Cat (North Portland),Containers,,Yes,,Yes,Stayed the same,Stay the same as before I had my garden,,,,,,,,"Yes, I know more than I did before","Yes, I know more than I did before",,Yes,No,Yes,No,Yes,I was MORE physically active because of the garden,"Grew: tomatoes, squash, peppers, tomatillos, onion, strawberries, marigold, blueberries, grape vine (start), artichoke ( start), rosemary(start).  We felt successful. Main challenge: cannot afford water bill to water garden!! Makes veggies more expensive than store-bought!! 😱 Need rain barrels to make this adventure feasible. Any resources for these?? ",Tool library ,,Good.. Get me some rain barrels. ,,,Seeing it produce! ,Yes,,,I don't have children,,No,Covid ,Supply rain barrels. ,Yes,
2021,Cat (North Portland),In-Ground/Mounded Earth,,Yes,,Yes,Yes,I went to food pantries and received emergency food boxes LESS often,,,,,,,,"Yes, I know more than I did before","Yes, I know more than I did before",,No,Yes,Not sure,No,Yes,I was MORE physically active because of the garden,"I grew tomatoes, basil, collard greens, jalapeño peppers, green peppers, blue berries, straw berries ",How/when to fertilize and keep bugs away ,,Great.  She communicates often. ,,,Watering ,Yes,,,Their interest increased,Faubion and Jefferson ,No,I was too busy to attend,Help plant for beginners like me.  Lol. ,Yes,
2021,Isabel (Cully/Parkrose),Community Garden,,Yes,,Yes,Yes,I went to food pantries and received emergency food boxes LESS often,,,,,,,,"Yes, I know more than I did before","Yes, I know more than I did before",,Yes,Yes,Yes,Yes,Yes,I was MORE physically active because of the garden,"We had a great summer in the garden this year with our veggies with the exception of failed winter squash crop. We had to take them out early. We found a lot of squash bugs in our winter squash. We also noticed our neighbors in the garden has even more bugs but nothing seems to be done. We met new people, learned new things and was definitely positive experience. We are looking forward to the next gardening season! ",How to sow vegetables seeds correctly ,,She has been amazing,,,Harvests time and walking around the garden ,Yes,,,Their interest increased,None,No,I was unable to attend ,Hands on gardening / planting/ caring for your garden plot,Yes,
2021,Angelica (East Portland/Gresham),High Raised Bed (2ft tall),,Yes,,Yes,Yes,Stay the same as before I had my garden,,,,,,,,"Yes, I know more than I did before","Yes, I know more than I did before",,Yes,Yes,Yes,Yes,Yes,I was MORE physically active because of the garden,"Yes, the experience is amazing. Tomatoes, Chiles, zucchinies and spinach.
",Preserve food,,She is incredible supporting,,,Be outside,Yes,,,I don't have children,,Yes,,Help to create a greenhouse,Yes,
2021,Angelica (East Portland/Gresham),Community Garden,,Yes,,Yes,Yes,Stay the same as before I had my garden,,,,,,,,"Yes, I know more than I did before","Yes, I know more than I did before",,Yes,Yes,Yes,Yes,Yes,I was MORE physically active because of the garden,"We grew strawberries,  raspberries, tomatoes, different types of peppers.",How to start  seeds and make compost,,Angélica is doing amazing job.,,,See the produce growing up,Yes,,,Their interest increased,Arthur Academy and Alice Ott,Yes,,Continue offering more support.,Yes,
2021,Angelica (East Portland/Gresham),In-Ground/Mounded Earth,,Yes,,Yes,Yes,I went to food pantries and received emergency food boxes LESS often,,,,,,,,"Yes, I know more than I did before","Yes, I know more than I did before",,Yes,Not sure,Yes,Yes,Yes,I was MORE physically active because of the garden,"We grow tomatoes, lettuce, cilantro, corn, squash, tomatillos, beans, cucumber, zucchini squash, chili's and radishes etc",I want to learn how to keep my garden safe from pesticides,, she is  all time available for answer all the questions ,,,Show my kids that growing our vegetables is very healthy,Yes,,,Their interest increased,"Elementary, middle school and highschool",Yes,,More free compost for the garden and plant avalaible to grow,No,
2021,Camilo (North Portland),In-Ground/Mounded Earth,,Yes,,No,Yes,Stay the same as before I had my garden,,,,,,,,"Yes, I know more than I did before","Yes, I know more than I did before",,Yes,No,Yes,Yes,Yes,I was MORE physically active because of the garden,"I grew tomatoes, garlic, peppers, cilantro and some salad greens","Food preservation, fermentation, networking on food sharing w other gardeners.  I mostly made salsa from my garden.  So a workshop on making different kinds of salsa would be really fun.  Healing herbs would be a great workshop - boosting immunity.  How to make tinctures etc.  ",,I don’t know Carlos well.  He was assigned to me mid season.  But he checks on me via text.,,,Making salsa w a friend.,No,,,I don't have children,,No,I never received an invite to a workshop,I would like help w cutting down a tree that is blocking light in my garden.,No,
2021,Shaquoya (East Portland/Gresham),Containers,,Yes,N/A,Yes,Stayed the same,Stay the same as before I had my garden,,,,,,,,Stayed the same,Stayed the same,,No,Yes,No,No,Yes,I was MORE physically active because of the garden,"I only grew the CDB seeds I was giving. I was offered other things, but I wasn't interested. ",How to keep out mites out of cannabis plants,,"Every time I called and asked for resources, Shaquoya was there to help. She came over and helped me fill out a rent assistant form and my past rent and present rent has been covered from SEI through May of 2022. She is nothing short of a blessing.",,, Just being able to get outside and enjoy fresh air. ,Yes,,,I don't have children,N/A,No,I wasn't in the program in 2020,I would like more information on how to grow cannabis.,Yes,
2021,Cat (North Portland),In-Ground/Mounded Earth,,Yes,,Yes,Yes,I went to food pantries and received emergency food boxes LESS often,,,,,,,,"Yes, I know more than I did before","Yes, I know more than I did before",,Yes,Yes,Yes,Yes,Yes,I was MORE physically active because of the garden,"I grew tomatoes, tomatillos, cucumbers, beans, peas, squash, corn, greens, peppers, broccoli, and a ton of herbs. I felt successful but my greens were small. I wish I would have gotten fatter greens. ",I loved the one about shifting from one season to the next but feel I could refresh my memory on that and also companion planting. ,,She was kind and supportive,,,"Being in the garden and outside, I have mostly worked from home so it gave me something to do outside and talk about with my neighbors. ",Yes,,,Their interest increased,Jefferson High School and The Village Free School,Yes,,More dirt. I feel like I needed soil and maybe even some wood chips or some kind of compost options. ,No,
2021,Shaquoya (East Portland/Gresham),In-Ground/Mounded Earth,,Yes,,Yes,Yes,I went to food pantries and received emergency food boxes LESS often,,,,,,,,"Yes, I know more than I did before","Yes, I know more than I did before",,Yes,Yes,Yes,No,Yes,I was MORE physically active because of the garden,I feel like I know a little about gardening.  I grew collard greens and broccoli and garlic. I received my garden right  before the winter months. I plan to grow more during the spring and summer months. ,I would like to know more about how to use my table left overs to help grow my garden. ,,"My community organizer and I have a great relationship. I don't know how to answer how my organizer can help me any more then she has. My husband and I had just bought a home, soon after, I was told I need to have a surgery and needed to take time off after. Her husband and she  came over during a pandemic and helped make small repairs to our home for free. Bought us food with their own money. Made sure we received food boxes from your program when available and keep our garden up for us as well. We are so grateful to have met them. ",,,Meeting new people while in the yard.,No,,,I don't have children,,No,I wasn't in the program in 2020,unsure,Yes,
2021,Cat (North Portland),High Raised Bed (2ft tall),,Yes,,Yes,Yes,Stay the same as before I had my garden,,,,,,,,"Yes, I know more than I did before","Yes, I know more than I did before",,Yes,Yes,Yes,Yes,Yes,I was MORE physically active because of the garden,"Yes, I felt very successful this year, I grew lots of tomatoes, peppers, kale, greens, onion and garlic",how to naturally rid garden of pest.,,Absolutely wonderful,,,It is very therapeutic for me and keeps me busy with plenty of exercise. ,Yes,,,I don't have children,,No,I wasn't interested in the topic(s)," I can't think of anything, the program is well rounded",No,
2021,Gabi (North Clackamas),In-Ground/Mounded Earth,,Yes,,Yes,Yes,I went to food pantries and received emergency food boxes LESS often,,,,,,,,"Yes, I know more than I did before","Yes, I know more than I did before",,Yes,Yes,Not sure,Yes,Yes,I was MORE physically active because of the garden,It was a great experience with family,New techniques for winter planting,,It's good!,,,Seeing my plants growing!,Yes,,,Their interest increased,CTK,Yes,,"It's a great program, I have received to much!",No,
2021,Camilo (North Portland),Containers,,Yes,,Yes,Yes,Stay the same as before I had my garden,,,,,,,,"Yes, I know more than I did before",Stayed the same,,Yes,Yes,Yes,Yes,Not sure,I was MORE physically active because of the garden,"We planted garlic,herbs, peppers hot& mild, numerous tomatoes, squash,orka, good exercise, lovely place to meditate, growing help mentally and hands on!",Open to what trending improve some more education,,Great person and diligent,,,Seeing the growing ,Yes,,,I don't have children,,No,I never received an invite to a workshop,Nothing at the moment,No,
2020,Shaquoya (East Portland/Gresham),In-Ground/Mounded Earth,,Yes,,Yes,Yes,I went to food pantries and received emergency food boxes LESS often,,,,,,,,"Yes, I know more than I did before","Yes, I know more than I did before",,Yes,Yes,Yes,Not sure,Yes,I was MORE physically active because of the garden,"I grow, carrots, cabbage, greens, and garlic","spacing, How to keep out bad bugs",,ok.. Not sure,,,watching something grow that I planted and I could eat,Yes,,,Their interest increased,King Elementary,Yes,,maybe a cooking workshop,Yes,
2020,Shaquoya (East Portland/Gresham),Containers,,Yes,,Yes,Yes,Stay the same as before I had my garden,,,,,,,,"Yes, I know more than I did before",Stayed the same,,Yes,Yes,Not sure,No,Yes,I was MORE physically active because of the garden,I couldn't figure out how to keep the cats away.,How to produce a large yield from grading ,,Good ,,,Seeing something that I planted grow,Yes,,,Their interest increased,Clear Creek,Yes,,Cooking classes,Yes,
2020,Shaquoya (East Portland/Gresham),High Raised Bed (2ft tall),,Yes,,No,Yes,Stay the same as before I had my garden,,,,,,,,Stayed the same,Stayed the same,,Yes,No,Yes,No,Yes,I was MORE physically active because of the garden,She thinks growing gardens is great,"Planter building, soil amendments",,Great,,,This has not been a good year. She thinks it will be better next year due to growing gardens ,No,,,I don't have children,NA,Yes,I was unavailable,Help with planted in her garden. ,No,
2020,Shaquoya (East Portland/Gresham),In-Ground/Mounded Earth,,Yes,,Yes,Yes,Stay the same as before I had my garden,,,,,,,,"Yes, I know more than I did before","Yes, I know more than I did before",,Yes,Yes,Yes,No,Yes,Stay the same as before I had my garden,"tomatoes, her and her family sent a lot of time together. ",all natural food workshop how ,,good,,,spending time with her kids,Yes,,,Their interest increased,Lents Elementary,Yes,,building a fence for produce,Yes,
2020,Shaquoya (East Portland/Gresham),In-Ground/Mounded Earth,,Yes,,Yes,Yes,I went to food pantries and received emergency food boxes LESS often,,,,,,,,"Yes, I know more than I did before","Yes, I know more than I did before",,Yes,Yes,Yes,No,Yes,I was MORE physically active because of the garden,she did great this year,soil care,,good,,,spending time with family,Yes,,,Their interest increased,King Elementary,Yes,,she is unsure,Yes,
2020,Shaquoya (East Portland/Gresham),Containers,,Yes,,Yes,Yes,Stay the same as before I had my garden,,,,,,,,"Yes, I know more than I did before",Stayed the same,,Yes,Yes,Yes,No,Yes,I was MORE physically active because of the garden,"veggies, ",unknown,,ok,,,seeing her son so happy about gradening,Yes,,,Their interest increased,homebased head start,Yes,,nothing,No,
2020,Shaquoya (East Portland/Gresham),High Raised Bed (2ft tall),,Yes,,Yes,"No, I ate less than before",Stay the same as before I had my garden,,,,,,,,"Yes, I know more than I did before",Stayed the same,,No,No,Yes,No,Yes,Stay the same as before I had my garden,Successful at spacing and planting this year,workshops on how to be a better gardener,,good.,,,Seeing things grow,Yes,,,Their interest increased,Creative Science School at Clark,No,I was too busy to attend,Growing gardens has been good to her and her family,No,
2020,Carlos (North Portland),Wooden box to avoid lead,,Yes,,Yes,Yes,Stay the same as before I had my garden,,,,,,,,Stayed the same,Stayed the same,,Yes,No,Yes,No,Yes,I was MORE physically active because of the garden,Grew less items,NA,,Good he is a great supporter,,,Teaching my grand babies,No,,,Their interest increased,NA,No,I never received an invite to a workshop,Nothing thank you,Yes,
2020,Carlos (North Portland),In-Ground/Mounded Earth,,Yes,,Yes,Stayed the same,Stay the same as before I had my garden,,,,,,,,"Yes, I know more than I did before","Yes, I know more than I did before",,Yes,No,No,No,Yes,I was MORE physically active because of the garden,Good. Not the best harvest but got some. Had a lot of learnings I know will do differently this spring ,Not sure ,,Good,,,Seed time. Watching the harvest,No,,,Their interest didn't change,,No,,Not sure,Yes,
2020,Carlos (North Portland),In-Ground/Mounded Earth,,Yes,,Yes,Yes,Stay the same as before I had my garden,,,,,,,,"Yes, I know more than I did before","Yes, I know more than I did before",,Yes,No,Yes,No,Yes,Stay the same as before I had my garden,"We didn’t have a very productive year in the garden, but I’ve learned some things that I hope will bring a more productive season next year.",Canning/preserving workshop,,Good. He is helpful and checks in regularly.,,,Radishes!,Yes,,,Their interest didn't change,,No,I never received an invite to a workshop,Keep expanding,No,
2020,Carlos (North Portland),In-Ground/Mounded Earth,,Yes,,Yes,Yes,I went to food pantries and received emergency food boxes LESS often,,,,,,,,"Yes, I know more than I did before","Yes, I know more than I did before",,Yes,No,Yes,Yes,Yes,I was MORE physically active because of the garden,"Tomatoes,cilantro, alot of veggies ",Am not sure,,Good,,,To plant with my daughter ,Yes,,,Their interest increased,Faubion ,No,I was too busy to attend,Am not sure,Yes,
2020,Shaquoya (East Portland/Gresham),In-Ground/Mounded Earth,,No,Too time consuming,Yes,Stayed the same,Stay the same as before I had my garden,,,,,,,,Stayed the same,Stayed the same,,No,No,No,No,No,Stay the same as before I had my garden,We didn't garden,She is unsure,,good,,,She didn't garden,Yes,,,Their interest didn't change,Hartley Elementary School,No,I was too busy to attend,unknown,Yes,
2020,Camilo (Norte Portland),Wooden box to avoid lead,,Yes,,Yes,Stayed the same,Stay the same as before I had my garden,,,,,,,,"Yes, I know more than I did before","Yes, I know more than I did before",,Yes,No,Yes,Yes,Yes,I was MORE physically active because of the garden,WE LOVE TO SEED IVER CRESER PLANTS.,INTERESTING ANY WORKSHOP THAT GIVE THANKS.,,Good,,,Different plants plante,Yes,,,Their interest increased,"Faubion, OSD",No,I was busy,"Keep learning how to care for crops
",Yes,
2020,Camilo (Norte Portland),Wooden box to avoid lead,,Yes,,Yes,Yes,Stay the same as before I had my garden,,,,,,,,"Yes, I know more than I did before","Yes, I know more than I did before",,Yes,No,Yes,Yes,No,Stay the same as before I had my garden,WE LIKE TO PLANT AND SEE THE PLANTS GROW,EVERYTHING ABOUT PLANTING IS IMPORTANT,,Good,,,SOW DIFFERENT TYPES OF PLANTS,Yes,,,Their interest increased,"Faubion, OSD",No,I was busy,CONTINUE LEARNING TO CARE FOR CROPS ,Yes,
2020,Angelica (Este de Portland/Gresham),In-Ground/Mounded Earth,,Yes,,Yes,Yes,I went to food pantries and received emergency food boxes LESS often,,,,,,,,"Yes, I know more than I did before","Yes, I know more than I did before",,Yes,Yes,Yes,Yes,Yes,I was MORE physically active because of the garden,"I liked a lot, I harvested a lot of tomatoes and cucumbers, a recommendation not to plant too many plants",medicinal plants.how to preserve the harvest,,Good,,,"Spend more time outYesde, how vegetables are grown",Yes,,,Their interest increased,Harrison park,Yes,,more workshops,Yes,
2020,Angelica (Este de Portland/Gresham),In-Ground/Mounded Earth,,Yes,,Yes,Yes,I went to food pantries and received emergency food boxes LESS often,,,,,,,,"Yes, I know more than I did before",No,,Yes,Yes,Yes,Yes,Yes,I was MORE physically active because of the garden,Yes I harvest but not the same as last year because the plants were too big,medicinal plants,,Good,,,Harvest lots of chili peppers this year,Yes,,,Their interest increased,Reynos ,No,I could not attend due to technology reasons,in-person workshops,Yes,
2020,Angelica (Este de Portland/Gresham),In-Ground/Mounded Earth,,Yes,,Yes,Yes,I went to food pantries and received emergency food boxes LESS often,,,,,,,,"Yes, I know more than I did before","Yes, I know more than I did before",,Yes,Yes,Yes,Yes,Yes,I was MORE physically active because of the garden,all good harvest more tomato and chili than others another year,medicinal plants,,Good,,,I loved growing different types of tomato,Yes,,,Their interest increased,there are no children,Yes,,garden workshops,Yes,
2020,Angelica (Este de Portland/Gresham),Wooden box to avoid lead,,Yes,,Yes,Yes,I went to food pantries and received emergency food boxes LESS often,,,,,,,,"Yes, I know more than I did before","Yes, I know more than I did before",,Yes,Yes,Yes,Yes,Yes,I was MORE physically active because of the garden,Everything was so fabulous,medicinal plants,,Good,,,grow tomatoes,Yes,,,Their interest increased,no,Yes,,more workshops,Yes,
2020,Camilo (Norte Portland),In-Ground/Mounded Earth,,Yes,,Yes,Yes,I went to food pantries and received emergency food boxes LESS often,,,,,,,,"Yes, I know more than I did before","Yes, I know more than I did before",,No,No,Yes,Yes,Yes,I was MORE physically active because of the garden,"it was very nice to look at the first harvest!
",to know when is the right time to plant.,,Good,,,look how in a short time the plants grew,Yes,,,Their interest increased,ockley green,No,I was busy,more information brochures,Yes,
2020,Angelica (Este de Portland/Gresham),Community Garden,,Yes,,Yes,Yes,I went to food pantries and received emergency food boxes LESS often,,,,,,,,"Yes, I know more than I did before","Yes, I know more than I did before",,Yes,Yes,Yes,Yes,Yes,I was MORE physically active because of the garden,"i loved the jitmates
",medicinal plants,,Good,,,"grow tomatoes
",Yes,,,Their interest increased,no,No,I could not attend due to technology reasons,in-person workshops,Yes,
2020,Camilo (Norte Portland),Containers,,Yes,"I have a physical problem (back, knees, etc.)",Yes,"No, I ate less than before",Stay the same as before I had my garden,,,,,,,,No,No,,No,No,No,No,No,Stay the same as before I had my garden,just don't say yes anything,when you help me make my garden.,,Good,,,"none, just my nopal",Yes,,,Their interest didn't change,"King, Thabman m.s.",No,I never received an invite to a workshop,make me at least 1 box,Yes,
2020,Angelica (Este de Portland/Gresham),Community Garden,,Yes,,Yes,Yes,I went to food pantries and received emergency food boxes LESS often,,,,,,,,"Yes, I know more than I did before","Yes, I know more than I did before",,Yes,Yes,Yes,Yes,Yes,I was MORE physically active because of the garden,everything worked well for me this year,medicinal plants,,Good,,,harvest my tomatoes,Yes,,,Their interest increased,David Douglas,Yes,,support with plants sooner,Yes,
2020,Angelica (Este de Portland/Gresham),Community Garden,,Yes,,Yes,Yes,I went to food pantries and received emergency food boxes LESS often,,,,,,,,"Yes, I know more than I did before","Yes, I know more than I did before",,Yes,Yes,Yes,Yes,Yes,I was MORE physically active because of the garden,okay everything we sow is reaped,medicinal plants,,Good,,,now I have more time in the garden,Yes,,,Their interest increased,no,No,I could not attend due to technology reasons,plants sooner,Yes,
2020,Camilo (Norte Portland),Wooden box to avoid lead,,Yes,,Yes,Yes,I went to food pantries and received emergency food boxes LESS often,,,,,,,,"Yes, I know more than I did before","Yes, I know more than I did before",,Yes,No,Yes,Yes,Yes,I was MORE physically active because of the garden,This year was great we had a lot of tomatoes and chili peppers our garden was clean and it grew very well,How to plant from seeds to plants,,Good,,,That I learned more from the vegetables I planted,No,,,Their interest increased,Escuela de Favio  a yaiza Vichique  .Jesuita escuela Damián Vichique ,No,"I couldn't attend for technology reasons, I was busy",more meetings to learn from someone else,No,
2020,Angelica (Este de Portland/Gresham),In-Ground/Mounded Earth,,Yes,,Yes,Yes,I went to food pantries and received emergency food boxes LESS often,,,,,,,,"Yes, I know more than I did before","Yes, I know more than I did before",,Yes,Yes,Yes,Yes,Yes,I was MORE physically active because of the garden,Everything went very well to harvest,Cooking workshops,,Good,,,harvest potato,Yes,,,Their interest increased,Powell Butte,No,I could not attend due to technology reasons,give the plants sooner,Yes,
2020,Angelica (Este de Portland/Gresham),In-Ground/Mounded Earth,,Yes,,Yes,Yes,I went to food pantries and received emergency food boxes LESS often,,,,,,,,"Yes, I know more than I did before","Yes, I know more than I did before",,Yes,Yes,Yes,Yes,Yes,I was MORE physically active because of the garden,all good harvest lots of vegetables,cooking of medicinal plants,,Good,,,harvest lots of tomatoes,Yes,,,Their interest increased,n/a,No,I could not attend due to technology reasons,give plants sooner,No,
2020,Angelica (Este de Portland/Gresham),In-Ground/Mounded Earth,,Yes,,Yes,Yes,I went to food pantries and received emergency food boxes LESS often,,,,,,,,"Yes, I know more than I did before","Yes, I know more than I did before",,Yes,Yes,Yes,Yes,Yes,I was MORE physically active because of the garden,harvest lots of vegetables,cooking to be able to take advantage of all the vegetables,,Good,,,all because I love them,Yes,,,Their interest increased,no,No,I could not attend due to technology reasons,plants sooner,Yes,
2020,Angelica (Este de Portland/Gresham),In-Ground/Mounded Earth,,No,,No,"No, comí menos que antes",I went to food pantries and received emergency food boxes MORE often,,,,,,,,No,No,,No,No,No,No,No,I was MORE physically active because of the garden,"they just prepared my ground this fall, thank you",no,,Good,,,no,No,,,I don't have children,no,No,I could not attend due to technology reasons,no,No,
2020,Angelica (Este de Portland/Gresham),Wooden box to avoid lead,,No,I had no spaces,No,"No, comí menos que antes",Stay the same as before I had my garden,,,,,,,,No,No,,No,No,No,No,No,I was LESS physically active because of the garden,no,no,,Good,,,no,No,,,I don't have children,no,No,I could not attend due to technology reasons,no,No,
2020,Carolina (Norte de Clackamas),In-Ground/Mounded Earth,,No,I had no spaces,No,"No, comí menos que antes",I went to food pantries and received emergency food boxes LESS often,,,,,,,,No,No,,No,No,No,No,No,I was LESS physically active because of the garden,I was not in the program,I haven't been to one yet,,Good,,,Not yet cultivated,No,,,I don't have children,n/a,No,I could not attend due to technology reasons,Don't know,No,
2020,Angelica (Este de Portland/Gresham),In-Ground/Mounded Earth,,No,"I didn't have any spaces yet
",No,"No, comí menos que antes",I went to food pantries and received emergency food boxes MORE often,,,,,,,,No,No,,No,No,No,No,No,I was MORE physically active because of the garden,I still don't grow,I still don't grow,,Good,,,I still don't grow,No,,,I don't have children,Centennial,No,I could not attend due to technology reasons,not yet cultivated,No,
2020,Camilo (Norte Portland),In-Ground/Mounded Earth,,Yes,,Yes,Yes,I went to food pantries and received emergency food boxes LESS often,,,,,,,,"Yes, I know more than I did before","Yes, I know more than I did before",,Yes,Yes,Not sure,Yes,Yes,I was MORE physically active because of the garden,"Everything we planted and sowed grew very well, we were very successful and the whole family enjoyed planting, watering, harvesting and eating freshly cut vegetables.","There is not something specific, I will take all the workshops that refer to the garden, to continue to learn more and share experiences.",,Good,,,Being the family together in the garden.,Yes,,,Their interest increased,N/A,Yes,,N/A,Yes,
2020,Angelica (Este de Portland/Gresham),In-Ground/Mounded Earth,,Yes,,Yes,Yes,I went to food pantries and received emergency food boxes LESS often,,,,,,,,"Yes, I know more than I did before","Yes, I know more than I did before",,Yes,Yes,Yes,Yes,Yes,I was MORE physically active because of the garden,harvest lots of garlic and tomatillo,Cooking and how to plant from seeds,,Good and Flexible,,,"for stress to relax
",Yes,,,Their interest increased,Reynos,No,I could not attend due to technology reasons,to give plants sooner,Yes,
2020,Angelica (Este de Portland/Gresham),In-Ground/Mounded Earth,,Yes,N/A,No,"No, I ate less than before",I went to food pantries and received emergency food boxes MORE often,,,,,,,,No,No,,No,No,No,No,No,I was MORE physically active because of the garden,N/A,N/A,,N/A,,,N/A,No,,,I don't have children,N/A,No,I could not attend due to technology reasons,N/A,No,
2020,Angelica (Este de Portland/Gresham),Wooden box to avoid lead,,Yes,,Yes,Yes,I went to food pantries and received emergency food boxes LESS often,,,,,,,,"Yes, I know more than I did before","Yes, I know more than I did before",,Yes,Yes,Yes,Yes,Yes,I was MORE physically active because of the garden,This year was not like last year,cooking,,"good very kind
",,,The chilli,Yes,,,Their interest increased,no,No,I could not attend due to technology reasons,give plants sooner,Yes,
2020,Angelica (Este de Portland/Gresham),In-Ground/Mounded Earth,,Yes,,Yes,Yes,I went to food pantries and received emergency food boxes LESS often,,,,,,,,"Yes, I know more than I did before","Yes, I know more than I did before",,Yes,Yes,Yes,Yes,Yes,I was LESS physically active because of the garden,"learning a lot from the garden
",cooking of medicinal plants,,"very good
",,,everything was good,Yes,,,Their interest increased,no,No,I could not attend due to technology reasons,give plants earlier,Yes,
2020,Angelica (Este de Portland/Gresham),In-Ground/Mounded Earth,,Yes,,Yes,Yes,I went to food pantries and received emergency food boxes LESS often,,,,,,,,"Yes, I know more than I did before","Yes, I know more than I did before",,Yes,Yes,Yes,Yes,Yes,I was MORE physically active because of the garden,many jitomes this season,medicinal plants kitchen,,Good,,,that I harvest many tomatoes,Yes,,,Their interest increased,no,Yes,,give the plants sooner,Yes,
2020,Camilo (Norte Portland),In-Ground/Mounded Earth,,Yes,,Yes,Yes,I went to food pantries and received emergency food boxes LESS often,,,,,,,,"Yes, I know more than I did before","Yes, I know more than I did before",,Yes,Yes,Yes,Yes,Yes,I was MORE physically active because of the garden,"First of all, this year was very difficult, but the truth is that the garden was our paradise. Of vegetables knowing that we could not go anywhere that was our relief and our faith that we were grateful to God and for his support of you as friends of the garden and achieve the best and with flavor and above all organic, thank you very much",How to harvest from seed,,More workshops to keep learning,,,See the smile of my children and say what beautiful vegetables they are and the colors,No,,,Their interest increased,"George, Roosevelt ",No,I could not attend due to technology reasons,That people would realize how beautiful it is to harvest their own vegetables.,Yes,
2020,Angelica (Este de Portland/Gresham),Community Garden,,Yes,,Yes,Yes,I went to food pantries and received emergency food boxes LESS often,,,,,,,,"Yes, I know more than I did before","Yes, I know more than I did before",,Yes,Yes,Yes,Yes,Yes,I was MORE physically active because of the garden,everything perfect many vegetables,medicinal plants /cooking plants,,"very nice
",,,enjoy the garden,Yes,,,Their interest increased,Alder school,Yes,,give the plants sooner,Yes,
2020,Angelica (Este de Portland/Gresham),In-Ground/Mounded Earth,,Yes,,Yes,Yes,I went to food pantries and received emergency food boxes LESS often,,,,,,,,"Yes, I know more than I did before","Yes, I know more than I did before",,Yes,Yes,Yes,Yes,Yes,I was MORE physically active because of the garden,everything was very successful,cooking and medicinal plants,,Excellent ,,,reap all that God gave me,Yes,,,Their interest increased,n/a,Yes,,give the plants sooner,Yes,
2020,Carolina (Norte de Clackamas),Containers,,Yes,If you cultivate,Yes,Yes,I went to food pantries and received emergency food boxes LESS often,,,,,,,,"Yes, I know more than I did before","Yes, I know more than I did before",,Yes,Yes,Yes,Yes,Yes,I was MORE physically active because of the garden,"Growing garden is the best thing that happened to me, my wife and I actually had the grape that October gave me a lot of fruit and I saw my wine so thank you growing garden",How to make your own plant medicine,,Very good is very pretty,,,Having a lot of vegetables in my house and let people look,Yes,,,I don't have children,n/a,No,I was busy,Nose,Yes,
2020,Carolina (Norte de Clackamas),In-Ground/Mounded Earth,,Yes,,Yes,Yes,I went to food pantries and received emergency food boxes LESS often,,,,,,,,"Yes, I know more than I did before","Yes, I know more than I did before",,Yes,Yes,Yes,No,Yes,I was MORE physically active because of the garden,"I loved it, I enjoyed it a lot, everything was very healthy.","Well not aYessti , but I would like to know , what seeds and in what season.",,"Very good, good communication and always ready to help",,,"The harvest, well everything ...",Yes,,,Their interest increased,"Milwaukie, Alder Creek",No,I was busy,More variety of seeds.,Yes,
2020,Carolina (Norte de Clackamas),Wooden box to avoid lead,,Yes,,Yes,Yes,I went to food pantries and received emergency food boxes LESS often,,,,,,,,"Yes, I know more than I did before","Yes, I know more than I did before",,Yes,No,Yes,Yes,Yes,I was MORE physically active because of the garden,"Chili peppers, coriander, tomatillos, cucumbers, tomatoes, a chayote plant. It was a very good year.",About plants,,Very good,,,What a day I saw them.,Yes,,,Their interest increased,Rowe ,No,I was busy,More variety of vegetables,Yes,
2020,Carolina (Norte de Clackamas),In-Ground/Mounded Earth,,No,Not yet cultivated,No,Stayed the same,I went to food pantries and received emergency food boxes LESS often,,,,,,,,No,Stayed the same,,No,No,No,No,No,I was LESS physically active because of the garden,I have not yet cultivated my garden,I really don't know,,We are just getting to know each other she is very kind,,,I haven't done it yet,No,,,I don't have children,,No,I was busy,Still don't know,No,
2020,Carolina (Norte de Clackamas),In-Ground/Mounded Earth,,Yes,,Yes,Yes,I went to food pantries and received emergency food boxes LESS often,,,,,,,,"Yes, I know more than I did before","Yes, I know more than I did before",,Yes,No,Yes,Yes,Yes,I was MORE physically active because of the garden,"It has been another exciting year learning and enjoying eating healthier, working together as a family and staying at home as much as possible. It was a wonderful experience,",More about the benefits of plants in food use,,NA,,,"Learning how to plant garlic and be able to have beets, and pumpkin flower, to make a soup was very interesting",Yes,,,Their interest didn't change,NA,No,I could not attend due to technology reasons,No,No,
2020,Carolina (Norte de Clackamas),Containers,,Yes,If you cultivate,Yes,Yes,I went to food pantries and received emergency food boxes LESS often,,,,,,,,"Yes, I know more than I did before","Yes, I know more than I did before",,Yes,Yes,Yes,Yes,Yes,I was MORE physically active because of the garden,I have a lot of experience in growing but I'm getting older and I can't grow much.,I don't have time,,She is very kind and of good centimeter,,,That Mrs. Carolina is very kind trying to always be aware of my plants,Yes,,,I don't have children,No,No,I was not interested in the topics,Nothing,Yes,
2020,Carolina (Norte de Clackamas),Containers,,Yes,,Yes,Yes,I went to food pantries and received emergency food boxes LESS often,,,,,,,,"Yes, I know more than I did before","Yes, I know more than I did before",,Yes,Yes,Yes,Yes,Yes,I was MORE physically active because of the garden,I loved growing organic vegetables and learning with my family.,Learn more about how to plant different vegetables and how I can take care of the soil.,,Good,,,the tomatoes and chili peppers,Yes,,,Their interest increased,Milwuakie,Yes,,How to plant flowers and fruits,Yes,
2020,Carolina (Norte de Clackamas),Wooden box to avoid lead,,Yes,,Yes,Yes,I went to food pantries and received emergency food boxes LESS often,,,,,,,,"Yes, I know more than I did before","Yes, I know more than I did before",,Yes,No,Yes,Yes,Yes,I was MORE physically active because of the garden,Very Good,Vegetables,,Good,,,Harvest,Yes,,,Their interest increased,,No,I could not attend due to technology reasons,More classes,Yes,
2020,Carolina (Norte de Clackamas),Wooden box to avoid lead,,Yes,,Yes,Yes,I went to food pantries and received emergency food boxes LESS often,,,,,,,,"Yes, I know more than I did before","Yes, I know more than I did before",,Yes,Yes,Yes,No,Yes,I was MORE physically active because of the garden,Carolina was a great help to the shelter casa esperanza is a place for latinas and children who suffer domestic violence the families and children enjoyed planting and eating the produce they grew themselves Thank you so much Carolina Thank you so much to all the team thank you Antonio for all your help God bless you Merry Christmas and Happy New Year,All those who give.,,Very Good,,,"Tomatillos, onion, cilantro, chili peppers",Yes,,,Their interest increased,,No,I never received an invite to a workshop,winter planting,No,
2020,Angelica (Este de Portland/Gresham),In-Ground/Mounded Earth,,Yes,,Yes,Yes,I went to food pantries and received emergency food boxes LESS often,,,,,,,,"Yes, I know more than I did before","Yes, I know more than I did before",,Yes,Yes,Yes,Yes,Yes,I was MORE physically active because of the garden,my tomatoes,cooking and medicinal plants,,Super nice,,,tomatillos,Yes,,,Their interest increased,parkin school,No,I could not attend due to technology reasons,early planting,No,
2020,Angelica (Este de Portland/Gresham),In-Ground/Mounded Earth,,Yes,,Yes,Yes,I went to food pantries and received emergency food boxes LESS often,,,,,,,,"Yes, I know more than I did before","Yes, I know more than I did before",,Yes,Yes,Yes,Yes,Yes,I was LESS physically active because of the garden,I learned new things,cooking and medicinal plants,,very good friend,,,Tomatoes,Yes,,,Their interest increased,no,No,I could not attend due to technology reasons,early planting,No,
2020,Angelica (Este de Portland/Gresham),In-Ground/Mounded Earth,,Yes,,Yes,Yes,I went to food pantries and received emergency food boxes LESS often,,,,,,,,"Yes, I know more than I did before","Yes, I know more than I did before",,Yes,Yes,Yes,Yes,Yes,I was LESS physically active because of the garden,"the beans I grew, corn",cooking and medicinal plants,,Very Good,,,tomatoes,Yes,,,Their interest increased,Lents,Yes,,planting plants earlier,Yes,
2020,Angelica (Este de Portland/Gresham),In-Ground/Mounded Earth,,Yes,,Yes,Yes,I went to food pantries and received emergency food boxes LESS often,,,,,,,,"Yes, I know more than I did before","Yes, I know more than I did before",,Yes,Yes,Yes,Yes,Yes,I was MORE physically active because of the garden,I loved the tomatoes,cooking,,Good,,,I love everything about the orchard,Yes,,,Their interest increased,N/A,No,I could not attend due to technology reasons,earlier planting of plants,Yes,
2020,Angelica (Este de Portland/Gresham),Community Garden,,Yes,,Yes,Yes,I went to food pantries and received emergency food boxes LESS often,,,,,,,,"Yes, I know more than I did before","Yes, I know more than I did before",,Yes,Yes,Yes,Yes,Yes,I was MORE physically active because of the garden,lots of spinach and pumpkins from different,share recipes,,Good,,,the beets and lots of spinach,Yes,,,Their interest increased,Centennial,Yes,,give the plants,Yes,
2020,Angelica (Este de Portland/Gresham),In-Ground/Mounded Earth,,No,N/A,No,Yes,I went to food pantries and received emergency food boxes MORE often,,,,,,,,Yes,Yes,,No,No,No,No,No,I was MORE physically active because of the garden,N/A,N/A,,N/A,,,N/A,No,,,I don't have children,N/A,No,I could not attend due to technology reasons,N/A,No,
2020,Angelica (Este de Portland/Gresham),In-Ground/Mounded Earth,,No,,No,"No, comí menos que antes",Stay the same as before I had my garden,,,,,,,,No,No,,No,No,No,No,No,Stay the same as before I had my garden,N/A,N/A,,N/A,,,N/A,No,,,I don't have children,N/A,No,I was busy,N/A,No,
2020,Angelica (Este de Portland/Gresham),In-Ground/Mounded Earth,,Yes,,Yes,Yes,I went to food pantries and received emergency food boxes LESS often,,,,,,,,"Yes, I know more than I did before","Yes, I know more than I did before",,Yes,Yes,Yes,Yes,Yes,I was MORE physically active because of the garden,It went well.,cooking,,Good very good,,,tomatoes the variety,Yes,,,Their interest increased,Reynos,Yes,I could not attend due to technology reasons,give the plants more plants,Yes,
2020,Isabel (Cully/Parkrose)(Cully/Parkrose),Community Garden,,Yes,,No,Yes,I went to food pantries and received emergency food boxes LESS often,,,,,,,,"Yes, I know more than I did before","Yes, I know more than I did before",,Yes,Yes,Yes,Yes,Yes,I was MORE physically active because of the garden,"The whole activity is special because all my family was involved, I loved the marigolds that were given to me and they grew beautifully.",MORE ABOUT THE CULTIVATION OF PLANTS AND HOW TO ENRICH THE SOIL.,,PERFECT. AS THEY ARE DOING THIS WELL.,,,"ALL MY HARVEST, AS WELL AS THE FLOWERS",Yes,,,Their interest increased,"my children are already grown up, only my grandchildren",Yes,,MY WHOLE FAMILY TO HAVE THEIR OWN GARDEN,Yes,
2020,Isabel (Cully/Parkrose)(Cully/Parkrose),Containers,,Yes,,Yes,Yes,I went to food pantries and received emergency food boxes MORE often,,,,,,,,"Yes, I know more than I did before","Yes, I know more than I did before",,Not sure,Yes,Not sure,Yes,Yes,I was MORE physically active because of the garden,"My family's expression is to see how vegetables grow and to have the opportunity to harvest this year I had less tomatoes, some of the plants dried up, but otherwise I had several chili peppers.",I would like to know more about curative plants and have the all of you to provide us with such plants mint rue parsley stafiate arnica mullein.,,It's very good,,,every year we learn new things about growing and how to care for plants,Yes,,,Their interest increased,Madeline,Yes,,to have a direct class in the garden from our instructor that they are always supporting us with enough vegetables as they have been doing so far.,Yes,
2020,Isabel (Cully/Parkrose)(Cully/Parkrose),Community Garden,,Yes,,Yes,Yes,I went to food pantries and received emergency food boxes LESS often,,,,,,,,"Yes, I know more than I did before","Yes, I know more than I did before",,Yes,Yes,Yes,Yes,Yes,I was MORE physically active because of the garden,"Our experience was very good in spite of the pandemic since we harvested tomatillos, tomatoes, chiles, radishes, radish, vetabel, lettuce, flowers and others.",I don't have any in mind now but it is interesting to keep learning.,,"My relationship with my organizer is good, she is a kind person, she always sends us all the information for the workshops and some information that can help us both in the community garden and in the community.",,,Our favorite part was seeing the whole garden full of vegetables and at harvest time because due to the pandemic we thought that we would not see any plant resources for the garden. We even thought we weren't going to sow.,Yes,,,Their interest increased,DR MARTIN LUTHER KING JR .,Yes,,I would like to have resources for tools such as scissors or things that one needs in the garden.,Yes,
2020,Angelica (Este de Portland/Gresham),In-Ground/Mounded Earth,,No,I DIDN'T HAVE SPACES,No,"No, comí menos que antes",I went to food pantries and received emergency food boxes MORE often,,,,,,,,No,No,,No,No,No,No,No,Stay the same as before I had my garden,N/A,N/A,,N/A,,,N/A,No,,,Their interest increased,Lents,No,I could not attend due to technology reasons,N/A,No,
2020,Angelica (Este de Portland/Gresham),In-Ground/Mounded Earth,,Yes,,Yes,Yes,I went to food pantries and received emergency food boxes LESS often,,,,,,,,"Yes, I know more than I did before","Yes, I know more than I did before",,No,No,No,No,No,I was LESS physically active because of the garden,a lot of tomato,cooking of medicinal plants,,Good,,,tomatoes,Yes,,,Their interest increased,Lents,No,I could not attend due to technology reasons,give the plants sooner,Yes,
2020,Angelica (Este de Portland/Gresham),In-Ground/Mounded Earth,,Yes,,Yes,Yes,I went to food pantries and received emergency food boxes LESS often,,,,,,,,"Yes, I know more than I did before","Yes, I know more than I did before",,Yes,Yes,Yes,Yes,Yes,I was MORE physically active because of the garden,I really liked the plants they gave me,cooking,,"she is good, excellent",,,Chilli pepper and tomatoes,Yes,,,Their interest increased,Ron Russell,Yes,,give the plants earlier,Yes,
2020,Angelica (Este de Portland/Gresham),In-Ground/Mounded Earth,,Yes,,Yes,Yes,I went to food pantries and received emergency food boxes LESS often,,,,,,,,"Yes, I know more than I did before","Yes, I know more than I did before",,No,No,No,No,No,I was MORE physically active because of the garden,I loved my potatoes and tomatoes.,cooking,,Good,,,my tomatoes and cucumbers,Yes,,,Their interest increased,no,No,I was busy,for me everything is buy well,Yes,
2020,Isabel (Cully/Parkrose)(Cully/Parkrose),In-Ground/Mounded Earth,,Yes,,Yes,Yes,I went to food pantries and received emergency food boxes LESS often,,,,,,,,"Yes, I know more than I did before","Yes, I know more than I did before",,Yes,Yes,Yes,Yes,Yes,I was MORE physically active because of the garden,"Sadly because of the weather this year we didn't have much of a harvest, but the bags of vegetables helped us a lot.","Nothing comes to mind now, but the ones I've attended have helped me a lot.",,"Very good, because it is always aware of us. May next year give us more plants and more seeds.",,,I love growing many different kinds of tomatoes.,Yes,,,Their interest increased,Wooman school,Yes,,Continue to learn more.,Yes,
2020,Angelica (Este de Portland/Gresham),In-Ground/Mounded Earth,,Yes,,Yes,Yes,I went to food pantries and received emergency food boxes LESS often,,,,,,,,"Yes, I know more than I did before","Yes, I know more than I did before",,Yes,Yes,Yes,Yes,Yes,I was MORE physically active because of the garden,everything loved your garden,kitchen,,Very Good,,,all the vegetables I harvest,Yes,,,Their interest increased,Centennial,No,I was busy,nothing thanks for all your support,No,
2020,Angelica (Este de Portland/Gresham),In-Ground/Mounded Earth,,Yes,,Yes,Yes,I went to food pantries and received emergency food boxes LESS often,,,,,,,,"Yes, I know more than I did before","Yes, I know more than I did before",,Yes,Yes,Yes,Yes,Yes,I was LESS physically active because of the garden,everything gave me,cooking plants,,Good Very Good,,,that I could enjoy it with my children,Yes,,,Their interest increased,mil park,No,I could not attend due to technology reasons,give the plants sooner,Yes,
2020,Angelica (Este de Portland/Gresham),In-Ground/Mounded Earth,,Yes,,Yes,Yes,I went to food pantries and received emergency food boxes LESS often,,,,,,,,"Yes, I know more than I did before","Yes, I know more than I did before",,Yes,Yes,Yes,Yes,Yes,I was MORE physically active because of the garden,to be able to eat my harvest,cooking,,excellent,,,Fresh cucumbers,Yes,,,Their interest increased,Arturo academy,No,I could not attend due to technology reasons,thanks for everything,No,
2020,Angelica (Este de Portland/Gresham),In-Ground/Mounded Earth,,Yes,,Yes,Yes,I went to food pantries and received emergency food boxes LESS often,,,,,,,,"Yes, I know more than I did before","Yes, I know more than I did before",,Yes,Yes,Yes,Yes,Yes,I was LESS physically active because of the garden,IN MY caladaza jitomes chili peppers,of medicinal kitchen plants,,Good,,,Tomatos and chilli peppers,Yes,,,Their interest increased,n/a,Yes,,dana all is well thank you,Yes,
2020,Isabel (Cully/Parkrose)(Cully/Parkrose),In-Ground/Mounded Earth,,Yes,,Yes,Yes,I went to food pantries and received emergency food boxes LESS often,,,,,,,,"Yes, I know more than I did before","Yes, I know more than I did before",,Yes,Yes,Yes,Yes,Yes,I was MORE physically active because of the garden,"My grandchildren enjoyed it a lot and have planted garlic, it was very successful with the chiles and tomatoes 🍅 everything was great....","Dates where it is planted (e.g. garlic, onions).",,Very Good,,,When it begins to bear fruit,Yes,,,Their interest increased,Yes,Yes,,How to combat or prevent pests in vegetables,Yes,
2020,Isabel (Cully/Parkrose)(Cully/Parkrose),Containers,,Yes,,Yes,Yes,I went to food pantries and received emergency food boxes LESS often,,,,,,,,"Yes, I know more than I did before","Yes, I know more than I did before",,Yes,Yes,Yes,Yes,Yes,I was MORE physically active because of the garden,"It was very exciting experience. But I discovered that I am a bit desperate, as I wanted the fruits soon.",All those that are presented are interesting.,,I have a very good relationship and communication. She is very kind and respectful.,,,Share with my family and see how the plants were developing.,Yes,,,Their interest increased,Rockwood preparatory academic,Yes,,More classes more information about medicinal plants.,Yes,
2020,Isabel (Cully/Parkrose)(Cully/Parkrose),In-Ground/Mounded Earth,,Yes,,Yes,Yes,I went to food pantries and received emergency food boxes LESS often,,,,,,,,"Yes, I know more than I did before","Yes, I know more than I did before",,Yes,Yes,Yes,Yes,Yes,I was MORE physically active because of the garden,It was nice one of my grandchildren planted his vegetables at home and harvested his vegetables for his family and for me as a grandmother it is such a beautiful satisfaction to know that I motivated my grandson and I am very happy.,More knowledge of medicinal plants,,Very good she is always in the best dispoYestion to help us,,,I keep learning and improving from my mistakes every day,Yes,,,Their interest increased,,Yes,I could not attend due to technology reasons,Have the opportunity to continue planting different vegetables and medicinal plants.,No,
2020,Angelica (Este de Portland/Gresham),Community Garden,,Yes,,Yes,Yes,I went to food pantries and received emergency food boxes LESS often,,,,,,,,"Yes, I know more than I did before","Yes, I know more than I did before",,Yes,Yes,Yes,Yes,Yes,I was LESS physically active because of the garden,they didn't like them they grew too tall and didn't bloom,cooking,,Good,,,the papalos,Yes,,,Their interest increased,Lincoln park,Yes,,give the plants sooner,Yes,
2020,Angelica (Este de Portland/Gresham),In-Ground/Mounded Earth,,Yes,,Yes,Yes,I went to food pantries and received emergency food boxes LESS often,,,,,,,,"Yes, I know more than I did before","Yes, I know more than I did before",,Yes,Yes,Yes,Yes,Yes,I was LESS physically active because of the garden,everything was very good,kitchen and medicinal plants,,Good,,,the tomatoes and chili peppers,Yes,,,Their interest increased,no,No,I could not attend due to technology reasons,give the plants sooner,Yes,
2020,Angelica (Este de Portland/Gresham),In-Ground/Mounded Earth,,No,I didn't have spaces,No,Stayed the same,Stay the same as before I had my garden,,,,,,,,Stayed the same,Stayed the same,,No,No,No,No,No,Stayed the same,I didn't cure,N/A,,Good,,,n/a,No,,,Their interest decreased,Salish,No,I could not attend due to technology reasons,N/A,No,
2020,Angelica (Este de Portland/Gresham),In-Ground/Mounded Earth,,Yes,,Yes,Yes,I went to food pantries and received emergency food boxes LESS often,,,,,,,,"Yes, I know more than I did before","Yes, I know more than I did before",,Yes,Yes,Yes,Yes,Yes,I was MORE physically active because of the garden,it helped me with stress,cooking,,Good,,,the tomatoes,Yes,,,Their interest increased,DR MARTIN LUTHER KING JR .,No,I could not attend due to technology reasons,I don't know,No,
2020,Angelica (Este de Portland/Gresham),In-Ground/Mounded Earth,,Yes,,Yes,Yes,I went to food pantries and received emergency food boxes LESS often,,,,,,,,"Yes, I know more than I did before","Yes, I know more than I did before",,Yes,Yes,Yes,Yes,Yes,I was MORE physically active because of the garden,I loved the tomatoes,cooking,,Good,,,cut cucumbers and eat strawberries,Yes,,,Their interest increased,no,No,,nothing everything is fine,No,
2020,Angelica (Este de Portland/Gresham),Wooden box to avoid lead,,Yes,,Yes,Yes,I went to food pantries and received emergency food boxes LESS often,,,,,,,,"Yes, I know more than I did before","Yes, I know more than I did before",,Yes,Yes,Yes,Yes,Yes,I was LESS physically active because of the garden,tomatoes cucumber,cooking,,extraordinary,,,have the space to have contact with nature,Yes,,,Their interest increased,N/A,No,I could not attend due to technology reasons,nothing everything is fine thank you,Yes,
2020,Angelica (Este de Portland/Gresham),Community Garden,,Yes,,Yes,Yes,I went to food pantries and received emergency food boxes LESS often,,,,,,,,"Yes, I know more than I did before","Yes, I know more than I did before",,Yes,Yes,Yes,Yes,Yes,I was MORE physically active because of the garden,it was the best,cooking,,Good,,,cucumbers,Yes,,,Their interest increased,N/A,Yes,,everything is fine,Yes,
2020,Camilo (Norte Portland),Wooden box to avoid lead,,Yes,,No,Yes,I went to food pantries and received emergency food boxes LESS often,,,,,,,,"Yes, I know more than I did before","Yes, I know more than I did before",,Yes,Yes,Yes,Yes,Yes,I was MORE physically active because of the garden,"Tomatoes, chilies and was very productive.",How to preserve vegetables and fruits.,,Good,,,"watch my plants grow
",Yes,,,Their interest increased,Gorge ,No,I could not attend due to technology reasons,Receive more plants sooner and get more help against pests and fertilizer.,No,
2020,Camilo (Norte Portland),Containers,,Yes,"I have a physical problem (back, knees, etc.), Nothing grew, It did not help me at all Growing Gardens",Yes,Stayed the same,I went to food pantries and received emergency food boxes MORE often,,,,,,,,Stayed the same,Stayed the same,,No,No,No,No,No,Stay the same as before I had my garden,"I only harvested 2 calabasitas, a few cherry tomatoes, very few didn't even enter my house because they were so few that I ate them there, I only cut 4 or 5 and a few tomatoes.",I don't know anyone is good if they have good information,,It is good and I would like to have wooden boxes for the next time.,,,None,Yes,,,Their interest didn't change,"King, Tubman ",No,I never received an invite to a workshop,fertilizer,Yes,
2020,Camilo (Norte Portland),In-Ground/Mounded Earth,,Yes,,Yes,Yes,I went to food pantries and received emergency food boxes LESS often,,,,,,,,"Yes, I know more than I did before","Yes, I know more than I did before",,Yes,Yes,Yes,Yes,Yes,I was MORE physically active because of the garden,"Tomatoes, tomatoes and I didn't have much success.",How to germinate seeds and cooking workshops,,Perfect,,,Pick the fruit,Yes,,,Their interest increased,"Faubion, Beach ",No,I was busy,More help in germination of plants,Yes,
2020,Angelica (Este de Portland/Gresham),Wooden box to avoid lead,,Yes,,Yes,Yes,I went to food pantries and received emergency food boxes LESS often,,,,,,,,"Yes, I know more than I did before","Yes, I know more than I did before",,Yes,Yes,Yes,Yes,Yes,I was MORE physically active because of the garden,the soil was not very fertile,cooking and medicinal plants,,excellent,,,Harvest,Yes,,,Their interest increased,N/A ,Yes,,more fertilizer,Yes,
2020,Angelica (Este de Portland/Gresham),In-Ground/Mounded Earth,,Yes,,Yes,Yes,I went to food pantries and received emergency food boxes LESS often,,,,,,,,"Yes, I know more than I did before","Yes, I know more than I did before",,Yes,Yes,Yes,Yes,Yes,I was LESS physically active because of the garden,I didn't harvest much this year,cooking and medicinal plants,,Good,,,tomatoes,Yes,,,Their interest increased,,Yes,,nothing everything is fine,Yes,
2020,Camilo (Norte Portland),In-Ground/Mounded Earth,,Yes,,Yes,Yes,I went to food pantries and received emergency food boxes LESS often,,,,,,,,"Yes, I know more than I did before","Yes, I know more than I did before",,Yes,Yes,Yes,No,Yes,I was MORE physically active because of the garden,"Good for the harvest, tomatoes, beets, anahorias.",cooking,,Very friendly,,,Everything but more the harvest,Yes,,,Their interest increased,Headstart,No,I was busy,More workshops,Yes,
2020,Isabel (Cully/Parkrose)(Cully/Parkrose),Community Garden,,Yes,,Yes,Yes,I went to food pantries and received emergency food boxes LESS often,,,,,,,,"Yes, I know more than I did before","Yes, I know more than I did before",,Yes,Yes,Yes,Yes,Yes,I was MORE physically active because of the garden,"It was very easy and it distracts me to grow my vegetables, I like it.",How to have a bountiful harvest.,,We want more workshops to keep learning.,,,"All, I love it.",Yes,,,Their interest didn't change,Parkrose,Yes,,Vegetables from our country.,Yes,
2020,Isabel (Cully/Parkrose)(Cully/Parkrose),In-Ground/Mounded Earth,,Yes,,Yes,Yes,I went to food pantries and received emergency food boxes LESS often,,,,,,,,"Yes, I know more than I did before","Yes, I know more than I did before",,Yes,No,Yes,Yes,Yes,Stay the same as before I had my garden,"“It pushes us to get out of the house knowing that they need our care and it's very rewarding to see their fruits.we had chilies of different types tomatoes, tomatillo, potatoes, papalo, collard, strawberries, pumpkins were not given to me but I tried for the first time Armenian cucumbers.”",More about medicinal plants,,Good,,,Be more in direct contact with the earth; see how generous she is to us and increased my respect for her.,Yes,,,Their interest didn't change,Portland Village School,Yes,,At the moment nothing comes to my mind.,Yes,
2020,Angelica (Este de Portland/Gresham),In-Ground/Mounded Earth,,Yes,,Yes,Yes,I went to food pantries and received emergency food boxes LESS often,,,,,,,,"Yes, I know more than I did before","Yes, I know more than I did before",,Yes,Yes,Yes,Yes,Yes,I was MORE physically active because of the garden,my children's interest in the garden,cooking and medicinal plants,,Very Good,,,tomatoes and strawberries,Yes,,,Their interest increased,Centennial ,No,I could not attend due to technology reasons,everything is fine thank you,No,
2020,Angelica (Este de Portland/Gresham),In-Ground/Mounded Earth,,Yes,,Yes,Yes,I went to food pantries and received emergency food boxes LESS often,,,,,,,,"Yes, I know more than I did before","Yes, I know more than I did before",,Yes,Yes,Yes,Yes,Yes,I was LESS physically active because of the garden,we harvested a lot,cooking,,Good,,,the tomatoes,Yes,,,Their interest increased,Centennial ,No,I could not attend due to technology reasons,nothing everything is fine thank you,Yes,
2020,Angelica (Este de Portland/Gresham),In-Ground/Mounded Earth,,Yes,,Yes,Yes,I went to food pantries and received emergency food boxes LESS often,,,,,,,,"Yes, I know more than I did before","Yes, I know more than I did before",,Yes,Yes,Yes,Yes,Yes,I was LESS physically active because of the garden,I loved everything,cooking,,Good,,,I loved everything,Yes,,,Their interest increased,no,No,I could not attend due to technology reasons,nothing everything is fine,Yes,
2020,Angelica (Este de Portland/Gresham),Community Garden,,Yes,,Yes,Yes,I went to food pantries and received emergency food boxes LESS often,,,,,,,,"Yes, I know more than I did before","Yes, I know more than I did before",,Yes,Yes,Yes,Yes,Yes,I was LESS physically active because of the garden,I learned a lot,cooking,,al 100 %,,,my tomatoes,Yes,,,Their interest increased,no,No,I could not attend due to technology reasons,nothing everything is fine,No,
2020,Angelica (Este de Portland/Gresham),In-Ground/Mounded Earth,,Yes,,Yes,Yes,I went to food pantries and received emergency food boxes LESS often,,,,,,,,"Yes, I know more than I did before","Yes, I know more than I did before",,Yes,Yes,Yes,Yes,Yes,I was LESS physically active because of the garden,my sunflowers,cooking,,excellent,,,my tomatoes,Yes,,,Their interest increased,Centennial ,Yes,,nothing thank you,Yes,
2020,Carolina (Norte de Clackamas),In-Ground/Mounded Earth,,No,"I had no seeds or plants, they just put them (late October)",No,Stayed the same,Stay the same as before I had my garden,,,,,,,,Stayed the same,Stayed the same,,No,No,No,No,No,Stay the same as before I had my garden,We are excited to enjoy it next year.,How to keep plants alive,,"Good, very attentive and kind I am excited to work with her in the next year I hope to learn a lot from her.
",,,"I will tell you next year 2021
",No,,,Their interest didn't change,Milwaukie ,No,,I look forward to the next year and all that lies ahead.,No,
2020,Carlos (North Portland),In-Ground/Mounded Earth,,Yes,,Yes,Yes,I went to food pantries and received emergency food boxes MORE often,,,,,,,,"Yes, I know more than I did before","Yes, I know more than I did before",,Yes,Yes,Yes,No,Yes,I was MORE physically active because of the garden,"I grew herbs (many), and vegetables: two types of winter squash, tomatoes, tomatillos, kale, chard, mustard greens, and green beans as well as strawberries. ","What plants to grow together, proper spacing, when and how much to prune/harvest.",,Its great.,,,Creating a morning routine and harvesting. ,No,,,Their interest increased,"Faubion, Jefferson ",No,I signed up late,I'm not sure.,No,
2020,Carlos (North Portland),Both in ground mounded & high raised bed,,Yes,,No,Yes,Stay the same as before I had my garden,,,,,,,,"Yes, I know more than I did before","Yes, I know more than I did before",,Yes,Yes,Yes,Yes,Yes,I was MORE physically active because of the garden,"This Fall, I just started an inground fall garden w garlic.  We will plant more in the Spring. 

This summer, I purchased 2 4x4 raised beds and got compost from my father.  I mostly grew organic tomatoes and kale.  I had 4 tomato plants and produced many tomatoes, but not that flavorful. Maybe try a different type of tomato.  I did make 8 quart jars of salsa. First time making salsa so that was fun.   The kale got mostly eaten by aphids (even though I planted lots of marigolds) so I need to research how to keep that from happening. ","Organic pest control, healing herbs, composting",,"Carlos is very easy to speak with, profesYesonal and supportive.  I am looking forward to growing my first garden with this program.",,,"Spending time w my Dad, making salsa from my garden and sharing it with him.",No,,,I don't have children,,No,"I am not aware of receiving invitations to classes or workshops, but I am new to the program","I am new to this.  It would be great to have access to a newsletter w an archive of articles about gardening.  How to plan a garden, etc.  Photos of other people’s gardens.  Recipes.",No,
2020,Carlos (North Portland),Raised bed Lead Free,,Yes,,Yes,Yes,I went to food pantries and received emergency food boxes LESS often,,,,,,,,"Yes, I know more than I did before","Yes, I know more than I did before",,Yes,Yes,Yes,Yes,Yes,I was MORE physically active because of the garden,"Family history of gardening, everyone finds peace in  the garden. Other rewards that come from gardening are organic, locally grown food,  peace of mind, family fun for all ages,  biology and cooking education, finding pests, studying bugs,  soil development lessons and sharing with others. We had a wonderful time growing and canning peppers onions, beans, tomatoes, garlic, and squash. 
Next year will practice crop rotation and planting in succession
We hope to learn more about eradicating aphids!","Building greenhouses,  cultivating and building quality soil. Early detection of pests,  raiYesng citrus. ",,I prefer Rashae for her skill set and knowledge base. I have never met Carlos. We've texted,,,All of it!,Yes,,,Their interest increased,Catlin Gabel,No,I can't remember hearing about it.  I was busy with Master Garden training. ,"Key hole gardening, bath gardening,  canning,  cooking,  plants as medicine,",No,
2020,Carlos (North Portland),Also some containers on porch,,Yes,,Yes,Stayed the same,Stay the same as before I had my garden,,,,,,,,"Yes, I know more than I did before","Yes, I know more than I did before",,Yes,Yes,Yes,Yes,Yes,I was MORE physically active because of the garden,"Great! Tomatoes, potatoes, celery, beets, peppers, squash. Learned SO much.",Gardening local plants,,Carlos was super helpful,,,Just spending time in the garden-so peaceful,Yes,,,I don't have children,,No,Talked to other gardeners instead,Hope you get more funding to expand,No,
2020,Carlos (North Portland),Raised bed Lead Free,,Yes,,Yes,Yes,I went to food pantries and received emergency food boxes LESS often,,,,,,,,"Yes, I know more than I did before","Yes, I know more than I did before",,Yes,Yes,Yes,No,Yes,I was MORE physically active because of the garden,"We tried a bit of everything - but had about 1/2 go to powdery mildew early on, and the other 1/2 to a variety of undiagnosed problems over the rest of the season. It was pretty disheartening - especially with a lack of support from my housemates; I wanted to try and continue growing late into the year, but just didn't have it in me. 😕",Unsure... All of them?!?,,"Although we're still very new, our organizer has thus far been wonderful! It's nice knowing we can reach out to someone so excited about the cause!",,,Getting accepted into Growing Greens!,No,,,I don't have children,,No,I never received an invite to a workshop,"Not really having experienced the program yet, I don't feel comfortable answering this question in a thorough enough manner yet. Next year!",No,
2020,Carlos (North Portland),In-Ground/Mounded Earth,,Yes,,Yes,Yes,I went to food pantries and received emergency food boxes LESS often,,,,,,,,"Yes, I know more than I did before","Yes, I know more than I did before",,Yes,Yes,Yes,Yes,Yes,I was MORE physically active because of the garden,"Garlic,tomatos,kale,lettus,strawberries,peppers,broccoli,basil,herbs, carrots",H,,Would love to colaborate ,,,Feeding people and family time,Yes,,,Their interest increased,"De la salle, Many nations academy, astor",No,I never received an invite to a workshop,Classes,Yes,
2020,Carlos (North Portland),In-Ground/Mounded Earth,,Yes,,Yes,Yes,I went to food pantries and received emergency food boxes LESS often,,,,,,,,"Yes, I know more than I did before","Yes, I know more than I did before",,Yes,No,Yes,No,Yes,Stay the same as before I had my garden,Tried to grow a few things but fires limited our harvest,Medicinal properties of food.. how to preserve ,,"You all are great! I moved (to our own home) and yall continue to support our family

Truly grateful",,,Helps to feel grounded and productive,No,,,Their interest increased,Kairospdx ,No,I was too busy to attend,Keep up the work!!!!,No,
2020,Carlos (North Portland),High Raised Bed (2ft tall),,Yes,Not enough help from Growing Gardens,Yes,Yes,Stay the same as before I had my garden,,,,,,,,"Yes, I know more than I did before","Yes, I know more than I did before",,Yes,Yes,Yes,Yes,Yes,I was MORE physically active because of the garden,"My garden was wonderful, I had a variety of tomatoes, broccoli, greens, kale, herbs, various peppers, lettuce (which did not grow) and flowers  My tomatoes were more successful than previous years, but did not yield as many as others in my neighborhood.  I noticed the seeds did not grow as well as the starters, not sure what I was doing wrong, but more information on planting seeds vs. starters would be helpful.",How to be more productive with my garden and any information on pest and prevention.  ,,"It is fine, I have met him in person",,,"Being outYesde working in my garden is a pleasure, I go out there daily to water, pull weeds, eliminate pest, glean vegetables and herbs. I have had my garden for a few years, this year with the pandemic, it has helped with isolation, sharing tips with my neighbors and sharing what we have grown. I love tending to the vegetables and it feels wonderful to eat produce I grew myself and share with those who do not have a garden or do not have access to fresh produce.  With my health issues, eating pesticide free vegetables has improved my health greatly.",Yes,,,Their interest increased,,No,I never received an invite to a workshop,"I can't say I add anything to the awesome program, you have changed my way of eating and overall health. Thank you for asYessting me on my road to recovery",No,
2020,Carlos (North Portland),In-Ground/Mounded Earth,,Yes,,No,No,Stay the same as before I had my garden,,,,,,,,Stayed the same,Stayed the same,,Yes,No,Yes,No,Yes,I was MORE physically active because of the garden,Garden a total mess because my husband used pesticide kill blackberries. Only cucumbers were successful. I was furious at my husband.,Growing a variety of vegetables.,,"By showing new things, different things to grow. More variety. Written material would be good. No one contacted me before. First time that I was contacted from Growing Gardens was for the garlic and clover seeds delivery this year.",,,Love gardening in general. Gives me a peace of mind.,No,,,Their interest increased,None,Yes,,"Make their information more accesYesble, specially for people without emails. ",No,
2020,Carlos (North Portland),Personally will build garden boxes,,No,Recently moved in. Had higher priorities ,Yes,Stayed the same,Stay the same as before I had my garden,,,,,,,,"Yes, I know more than I did before",Stayed the same,,No,No,No,No,No,I was MORE physically active because of the garden,Grew some tomatoes in pots. I definitely gain some knowledge where to place the pots and how to water.,"Importance of soil, container growing",,My relationship with community organizer was great. Carlos provided information and support to asYesst me with setting up my garden for the Spring Yesnce I had immediate things to do for my recent purchase of my home. He worked with me about posYesble resources for trees needs for my home. Also he was able to give me flyers for friends and families who may want to establish a garden.,,,Getting outYesde and watching nature ,No,,,Their interest increased,"Rosemary Anderson, Alliance High School at Meek",No,I never received an invite to a workshop,"Start my garden, one on one technical support, classes and starts",No,
2020,Carlos (North Portland),High Raised Bed (2ft tall),,Yes,,No,Stayed the same,Stay the same as before I had my garden,,,,,,,,Stayed the same,Stayed the same,,Yes,Yes,Yes,Yes,Yes,I was MORE physically active because of the garden,We grew broccoli kale bok Choy collards peppers herbs cucumber,What items can you grow in the winter months also answer questions regarding issues in your garden I was not able to plant squash this year because last year my plants got something and they all turned rotten I didn’t try this year.,,More communication maybe a monthly or bimonthly news updates or as for gardening questions throughout the year,,,Working in my garden and being able to give away produce,Yes,,,Their interest increased,,No,I never received an invite to a workshop,More workshops,No,
2020,Carlos (North Portland),In-Ground/Mounded Earth,,Yes,,Yes,Stayed the same,Stay the same as before I had my garden,,,,,,,,Stayed the same,Stayed the same,,Yes,Yes,Yes,Yes,Yes,Stay the same as before I had my garden,Just garlic to start this Fall!,How to build my own plant box,,Great! We are looking forward to starting spring,,,Getting the garden bed created,No,,,Their interest increased,"Rosemary center, jefferson",No,I was unable to attend for technological reasons,Anything to help us learn,No,
2020,Camilo (North Portland),In-Ground/Mounded Earth,,Yes,,Yes,Yes,I went to food pantries and received emergency food boxes MORE often,,,,,,,,"Yes, I know more than I did before","Yes, I know more than I did before",,,,,,,I was MORE physically active because of the garden,"Due to Covid19  We was bless to have our five grandchildren four months!!
Who helped us plant assorted potatoes - peppers, garlic patch, collard greens, tomato,
 assorted onions, we was so successful. My Challenge was white bugs eating on!  Special my gkids left for Atlanta before harvesting time.. We sent there harvest to them. Gkids was so excited to get vegetable in the mail.",,,"Great comm organizer, I needed to reach out more.",,,Harvesting..,Yes,,,Their interest increased,,,,Take a tour of different homes back yards. Grp of fiver viYestors?,No,
2019,,In-Ground/Mounded Earth,,Yes,,,Yes,Stay the same as before I had my garden,,,,,,,,,,,Yes,Yes,Yes,No,Yes,I was MORE physically active because of the garden,"Tried corn this year and expanded my gardening space, added berries. ","Medicinal, food preservation, seed saving. ",,Good,,,Trying new things and expanding ,,,,Their interest increased,,,,Culturally specific events and workshops,,
2019,,In-Ground/Mounded Earth,,Yes,,,Yes,I went to food pantries and received emergency food boxes LESS often,,,,,,,,,,,Yes,Yes,Yes,Yes,Yes,I was MORE physically active because of the garden,"Tried various new greens with mixed results.  Also grew cabbage for the first time and a variety of beans like black eyed peas.  And all my usuals: tomatoes, bell peppers, eggplant, string beans, peas, carrots, green onions, and lettuce.  I had two problems related to the program.  Some of the seeds seem like old, expired ones and they never germinated.  Also at the plant giveaway, there seems to be a fair amount of mislabeled plants so you may not end up with what you thought you took.",I need to know how to start various plants from seed in the house. ,,"She was the most responsive person I've met with the program.  She came over a couple times, communicated via email and phone, and responded when I contacted her.",,,The most exciting parts of gardening are watching everything come up and then also harvesting everything. ,,,,I don't have children,,,,Giving out recipes would be helpful especially for plants you don't usually grow. ,,
2019,,In-Ground/Mounded Earth,,Yes,,,Yes,I went to food pantries and received emergency food boxes LESS often,,,,,,,,,,,Yes,No,Not sure,Yes,Yes,I was MORE physically active because of the garden,"We grew zucchini, tomatoes, beans, peas, radishes, lettuce, peppers, eggplant, nasturtiums, cucumbers, carrots, potatoes, beets, garlic, herbs with varied success. Beans, peas, tomatoes, zucchini, potatoes, cucumbers were all super successful. Eggplant made one tiny eggplant. Beets and carrots never grew. Peppers barely produced a couple tiny peppers.",Anything to help me be more successful with getting plants to grow.,,Good. It would be great to have workshops or mentoring.,,,It was good for my mood. I made a lot of great food this summer and took care of a friend in need with it.,,,,Their interest increased,,,,Honeybees.,,
2019,,In-Ground/Mounded Earth,,Yes,,,Stayed the same,Stay the same as before I had my garden,,,,,,,,,,,Yes,Yes,Yes,No,Yes,I was MORE physically active because of the garden,"We grew tomatoes, squash, cucumbers, eggplant, sunflowers, strawberries, kale, collards, peas, watermelons, and cantaloupe.",I’m not sure.,,I don’t have a lot of contact with my community organizer but they have been helpful when needed.,,,My daughter’s excitement- she was very engaged in watching things grow.,,,,Their interest increased,,,,I think Home Gardens is already doing a great job. Maybe keep expanding?,,
2019,,In-Ground/Mounded Earth,,Yes,,,Yes,I went to food pantries and received emergency food boxes LESS often,,,,,,,,,,,Yes,Yes,Yes,Yes,Yes,I was MORE physically active because of the garden,"I expand my garden every year. I grow about everything you can grow; fruit trees & bushes, berries, melons,  herbs, potatoes, & veg. I now start seeds & pot up all year round; right now I have lots of lettuce, spinach, kale, turnips, carrots, beets, onions, cabbage, mustard, & peas under fleece & seedlings in a little plastic greenhouse. My challenge is Brussel sprouts and sweet potatoes. I just can't seem to succeed but keep trying; I think 2020 will be my year! I harvested a whole bed of potatoes & now they're all sprouting out in my basement, so I need to figure out a better storage system! I need to start drying my herbs & flowers throughout the summer & not try to do it all at once in fall/winter.","Multi/succession cropping, no dig gardening, permaculture/food forest, drying/preserving. Building structures. Selling produce to restaurants.",,She's really great! I can't imagine what more she could do to support me.,,,I love all of it! It's all my favorite parts. ,,,,Their interest increased,,,,"Garden visits to each other's for inspiration & techniques, help for us older gals for some of the heavy work/carpentry,  ways to donate excess produce.",,
2019,,In-Ground/Mounded Earth,,Yes,,,No,Stay the same as before I had my garden,,,,,,,,,,,No,No,Not sure,No,Not sure,I was MORE physically active because of the garden,"Has less time to dedicate to garden this year. Planted less and later than in previous years. Low yields of small tomatoes, zucchini, and kale. No harvest from planted eggplant, peppers, large tomatoes, lettuce",Low maintenance gardening,,Home visits,,,Harvesting,,,,Their interest increased,,,,More home visits,,
2019,,Container Garden,,Yes,,,Yes,I went to food pantries and received emergency food boxes LESS often,,,,,,,,,,,Yes,Yes,Yes,No,Yes,I was MORE physically active because of the garden,We grew lots of vegetables and got to eat lots of healthy dishes with them,I am not really sure,,I had some bug issues but it was mainly with my sunflower which was okay I could have used a visit to discuss my garden issues,,,Being outside and seeing our efforts bring forth good food to eat,,,,Their interest didn't change,,,,Not really sure,,
2019,,Container Garden,,Yes,,,Yes,I went to food pantries and received emergency food boxes LESS often,,,,,,,,,,,Yes,Yes,Yes,No,Yes,I was MORE physically active because of the garden,"We grew lettuce, strawberries, bell peppers,  jalapenos, spinach, carrots, tomatoes, broccoli, & kale.",I enjoy the cooking workshops. ,,She was awesome. Very tentative.,,,The therapeutic aspect of it.,,,,Their interest increased,,,,Provide a better mentor. ,,
2018,,Container Garden,,Yes,,,Yes,Stayed the same as before I had a garden,,,,,,,,,,,Yes,Yes,Yes,No,,Stay the same as before I had my garden,"I had great success with most of my vegetable plants, but with the incredibly high heat this summer it was an ongoing struggle to keep them sufficiently water. That said I ended up with grape cherry tomatoes peppers and so on.",,,,,,,,,,I don't have children,,,,,,More fresh tomatoes is always an excellent thing.
2018,,In-Ground/Mounded Earth,,Yes,,,Yes,I went to food pantries and received emergency food boxes LESS often,,,,,,,,,,,Yes,No,Yes,Yes,,I was MORE physically active because of the garden,Nothing grew very well except the kale.  Even rosemary was stunted.  Too hot?,I'm ok.,,"Not good.  Hard to to get ahold of & she gave me incorrect info on where the plant giveaway would be held, both date and location.  Believe there was also a ground cover give away but I was never informed about it.",,,,,,,I don't have children,,,,Variety of plants last year was much superior to this year.,,Food to share with new neighbors & established friendships.  The garden meant that we could have more fresh vegetables since we don't have to pay for them.
2018,,High Raised Bed (2ft tall),,Yes,,,Yes,I went to food pantries and received emergency food boxes LESS often,,,,,,,,,,,Yes,Yes,Yes,No,,I was MORE physically active because of the garden,"Tomatoes,mustard greens,collard",Canning,,,,,,,,,"Yes, their interested increased",,,,,,Im able to eat more healthy because I'm on a fixed income and would not be able to afford to buy otherwise
2018,,Container Garden,,No,Moved houses,,Stayed the same,I went to food pantries and received emergency food boxes LESS often,,,,,,,,,,,Yes,Yes,Yes,No,,I was LESS physically active because of the garden,House plants indoors,How to grow herbs indoors as well,,I need to move to another location that provides the ability to garden,,,,,,,"Yes, their interested increased",,,,I can't think of anything,,Teaching my children where our food comes from
2018,,Container Garden,,Yes,,,Stayed the same,Stayed the same as before I had a garden,,,,,,,,,,,No,No,No,No,,Stay the same as before I had my garden,"Grew or attempted to grow eggplant, basil, tomatoes, okra, herbs, sunflowers and other flowers, lettuce. strawberries.",Container gardening without excess water dripping onto neighbor's porch.,,She was just great!,,,,,,,"Yes, their interested increased",,,,Provide some seeds along with plant starts.,,"My youngest grandson would come out on the deck with me to pick every strawberry that turned red. lol He took great interest in the pocketed terra cotta jar which grew the strawberries and herbs, along with the bees that buzzed around the flowering herbs."
2018,,High Raised Bed (2ft tall),,Yes,,,No,Stayed the same as before I had a garden,,,,,,,,,,,No,No,No,No,,I was MORE physically active because of the garden,"I planted different lettuces, cucumber,squash, cucumber, peppers, bell peppers, melons, tomatoes, and others; nothing grew past a couple inches tall. I think I need to completely start over in my raise garden bed with all brand new soil.",What to plant at what times,,It was great ,,,,,,,"Yes, their interested increased",,,,Not sure,,My kiddos like to spend time with me tending to the garden
2018,,Community Garden,,Yes,,,Yes,Stayed the same as before I had a garden,,,,,,,,,,,No,Yes,Yes,No,,I was MORE physically active because of the garden,I was a community gardener in our new neighborhood.,No longer a client from what I gathered. ,,N/A  My community organizer was ok.  My garden mentor was stellar! 2016-17,,,,,,,I don't have children,,,,Be better able to support and incorporate clients as they transition from low wage jobs to higher earning ones. Positive experiences build donor relationships.,,Learning the basic skills from growing gardens gave me the confidence to take on a community garden plot.
2018,,In-Ground/Mounded Earth,,Yes,,,No,Stayed the same as before I had a garden,,,,,,,,,,,Yes,No,No,No,,Stay the same as before I had my garden,"We didn't grow very much, too little care of it, and didn't harvest much. Some plants didn't produce at all",Hands on practice on how to plant seed/starts and how to care for the things were planting,,We would have benefitted from having one on one counseling from someone who came to visit,,,,,,,"Yes, their interested increased",,,,More site visits,,"Having lots of tomatoes, that I love. Taking pride in the vegetables we DID grow"
2018,,In-Ground/Mounded Earth,,Yes,,,No,I went to food pantries and received emergency food boxes LESS often,,,,,,,,,,,Yes,No,Yes,Yes,,I was MORE physically active because of the garden,We got started late because I had to move the garden from the location growing gardens put it. It wasn’t thriving there and I think something was wrong with the soil. But before we moved it we expanded the irrigation system to cover the new garden area. We didn’t get that done till early August - so after that I loosely sprinkled some seeds threw some soil on top and everything grew. So easy.  I just know it will work next year. ,,,I don’t know. ,,,,,,,Their interest didn't change,,,,Test the soil first before putting in a garden ,,I like having fresh herbs
2018,,High Raised Bed (2ft tall),,Yes,,,Yes,I went to food pantries and received emergency food boxes LESS often,,,,,,,,,,,Yes,Yes,Yes,Yes,,I was MORE physically active because of the garden,"My experience with the Growing Gardens team and the way they helped me with any questions  and my needs were phenomenal. I had a wonderful productive garden. Cucumber production was off the charts as well as the tomatoes and zucchinis. I also had fresh basil and green peppers. I have a beautiful raised bed that I am able to sit down on to tend to my space,thanks to Growing Gardens. I was able to share with many people in my 55+ community. What a wonderful blessing. I have and will continue to recommend you to any one that shows interest in gardening. Sincerely, Rhonda Johnsen
",I am a seasoned gardener of 50 yrs.,,My organizer helped with every aspect in the set up and support. ,,,,,,,I don't have children,,,,I had all of my needs met . Extremely satisfied. ,,Sharing resulted in socialization and new friends and helping others is quite gratifying. 
2018,,High Raised Bed (2ft tall),,Yes,,,Stayed the same,I went to food pantries and received emergency food boxes LESS often,,,,,,,,,,,No,No,Yes,No,,Stay the same as before I had my garden,"I grew a variety of tomatoes, herbs and squash- the carrots, broccoli and spinach didn’t yield any crop. ","I’d like to learn what is most suitable to plant based on my location, soul composition and sun exposure.",,I did not get the opportunity to meet them. ,,,,,,,I don't have children,,,,"I still need to get that intro class, but for the future, I’m hoping we can get organic soil. ",,I enjoyed not having to buy much produce. 
2018,,High Raised Bed (2ft tall),,Yes,,,Yes,I went to food pantries and received emergency food boxes MORE often,,,,,,,,,,,Yes,No,Yes,No,,I was MORE physically active because of the garden,"I had more pumpkins and a bigger plant, than I ever grown",Feeding and caring for plants,,Great,,,,,,,I don't have children,,,,The options for wider beds for an small fee.,,To me
2018,,Container Garden,,Yes,,,Yes,Stayed the same as before I had a garden,,,,,,,,,,,Yes,No,Yes,No,,I was MORE physically active because of the garden,"Butternut squash, strawberries, tomatoes and peppers. Did not get any peppers or tomatoes. They got fried from the sun. I'm not sure what can help with that? A makeshift greenhouse? A tarp?",Learning when to pick. Protecting from environments. Best spots to plant. ,,Texts and emails are great communication. ,,,,,,,"Yes, their interested increased",,,,I can't think of anything ,,Gets us outside more. Teaches my kids that hard work pays off
2018,,In-Ground/Mounded Earth,,Yes,,,Yes,Stayed the same as before I had a garden,,,,,,,,,,,Yes,No,Yes,No,,I was MORE physically active because of the garden,I planted broccoli in the large metal containers and they got too much sun exposure and died/ my tomatoes didn’t do very well in the in ground bed. I could use some help with soil testing and what’s best to plant what where. ,Any and all that I am able to. They always fell on my workdays. ,,I never met them. ,,,,,,,I don't have children,,,,More one on one training.,,"If my garden is more fruitful next year, I’d love to share with neighbors and get to know them better as a result of that sharing. 
"
2018,,Container Garden,,Yes,,,Yes,Stayed the same as before I had a garden,,,,,,,,,,,Yes,No,Yes,Yes,,I was MORE physically active because of the garden,We grew tomatos corn raspberries blueberries radishes potatos carrots lettuce strawberries and roses. And snapdragons pumpkins grapes sugar snap peas. Suculants ground cover plums ferns e bff erything did really well and beautiful . our corn was small. Our lettuce was bitter our sugarsnap peas were delicious our tomatoes were plentiful and very good,Any art classes cooking classes. Or gardening classes hI would love to attend.,,I dont know i didn't have community organizer,,,,,,,"Yes, their interested increased",,,,"I dont know but i I'll lll?

])loop 0",,Friends and my kids all enjoyed our garden andwe shared information about g ar d ening and it was a very good experience.
2018,,High Raised Bed (2ft tall),,Yes,,,Yes,Stayed the same as before I had a garden,,,,,,,,,,,Yes,No,Yes,Yes,,I was MORE physically active because of the garden,It was so fun we planted the basics,None,,Great,,,,,,,"Yes, their interested increased",,,,Doing a great job thanks,,Food and doing things together 
2018,,Would prefer raised bed next season because of arthritis. This season had in ground beds.,,Yes,,,No,Stayed the same as before I had a garden,,,,,,,,,,,No,Yes,No,No,,I was LESS physically active because of the garden,"Collards, okra, garlic, shallots, pole beans, kale, 2 types of Tom's, parsley, basil, lemon cucumbers, mustard greens and carrots.",What to do if a veggie isn't come up well. How should I pull it and put something else in its place and when.,,"I needed to be more communicative, but my arthritis flares were very challenging for me. Since the growing season, it is better managed.",,,,,,,"Yes, their interested increased",,,,Raised beds at my home  because of my arthritis.,,I wasn't able to fully partake in my garden because my next door neighbors brought rats into my yard because of the coop. It was pretty bad.
2018,,In-Ground/Mounded Earth,,Yes,,,Yes,Stayed the same as before I had a garden,,,,,,,,,,,Yes,No,Yes,Yes,,Stay the same as before I had my garden,"We grew peppers, tomatoes, and tomatillos.",,,It was fine.  I didn't need much help.,,,,,,,"Yes, their interested increased",,,,,,"It is always good for us to be outside, working in the dirt.  "
2018,,Container Garden,,Yes,,,Stayed the same,Stayed the same as before I had a garden,,,,,,,,,,,No,No,No,No,,Stay the same as before I had my garden,"We had a container garden and grew tomatoes, squash, and peppers.  It was successful.  Main challenge is when to harvest.",,,Idk my community organizer.,,,,,,,Their interest didn't change,,,,Composting,,Hands on experience Learning about how to grow different types of edible plants.  Kids excited about making/eating fresh salsa.
2018,,In-Ground/Mounded Earth,,Yes,,,Yes,Stayed the same as before I had a garden,,,,,,,,,,,Yes,Yes,Yes,No,,I was MORE physically active because of the garden,"We grew peas, carrots, had a lettuce garden, peppers, eggplants, tomatoes, strawberries, tried to grow grapes, but we will see if they last through the winter. Summer and winter squash was fun.",Hiw to expand your garden.,,Great,,,,,,,"Yes, their interested increased",,,,,,Its a wonderful way to stay outside and have healthy snacks the kids can just pick and eat right outside. Good conversation starters with neighbors.
2018,,High Raised Bed (2ft tall),,Yes,,,Yes,Stayed the same as before I had a garden,,,,,,,,,,,Yes,,Yes,,,Stay the same as before I had my garden,Tomatoes cucumbers potatoes extra ,Not sure at this time,,They do a great job,,,,,,,"Yes, their interested increased",,,,Build rain barrels ,,Increasing kids knowledge about growing own foods
2018,,In-Ground/Mounded Earth,,Yes,,,Yes,Stayed the same as before I had a garden,,,,,,,,,,,Yes,Yes,Yes,Yes,,I was MORE physically active because of the garden,"I was surprised by the amount of bugs attacking my garden. I had a hard time staying consistent with weeding and debugging. Also had a hard time getting outside to harvest appropriately. However, overall it was a wonderful experience as it reminded me food comes from the earth! I felt more connected and alive every time I ate my own produce.  ",I don't know. ,,"When I first started with Growing Gardens I was so depressed I was diagnosed with pseudo dementia, so I couldn't keep track of anyone or any thing. ",,,,,,,I don't have children,,,,I went to the FitIt fair and was really happy to see people I knew. ,,"I am less depressed, and that has to have positive spill over benefits."